INSERT INTO airline VALUES ("Jet Blue");
INSERT INTO airline VALUES ("Delta Air Line");
INSERT INTO airline VALUES ("Southwest");
INSERT INTO airline VALUES ("United");
INSERT INTO airline VALUES ("American Airlines");
INSERT INTO airline VALUES ("British Airways");
INSERT INTO airline VALUES ("Alaska Airlines");
INSERT INTO airline VALUES ("Air France");
INSERT INTO airline VALUES ("Air Canada");
INSERT INTO airline VALUES ("American Eagle Airlines");

insert into airport (code, name, city, country, airport_type) values ('JFK', 'John F. Kennedy International Airport', 'New york', 'United States', 'both');
insert into airport (code, name, city, country, airport_type) values ('PVG', 'Shanghai Pudong International Airport', 'Shanghai', 'China', 'both');
insert into airport (code, name, city, country, airport_type) values ('DNG', 'Doongan Airport', 'Nanortalik', 'Greenland', 'international');
insert into airport (code, name, city, country, airport_type) values ('AIH', 'Aiambak Airport', 'Arrentela', 'Portugal', 'domestic');
insert into airport (code, name, city, country, airport_type) values ('CIA', 'Ciampino–G. B. Pastine International Airport', 'Frydrychowice', 'Poland', 'both');
insert into airport (code, name, city, country, airport_type) values ('LEJ', 'Leipzig/Halle Airport', 'Paranaíba', 'Brazil', 'domestic');
insert into airport (code, name, city, country, airport_type) values ('ZGU', 'Gaua Island Airport', 'Saga-shi', 'Japan', 'domestic');
insert into airport (code, name, city, country, airport_type) values ('AKD', 'Akola Airport', 'Kaparéllion', 'Greece', 'international');
insert into airport (code, name, city, country, airport_type) values ('FLG', 'Flagstaff Pulliam Airport', 'Paragominas', 'Brazil', 'domestic');
insert into airport (code, name, city, country, airport_type) values ('YBC', 'Baie Comeau Airport', 'Taizhou', 'China', 'both');
insert into airport (code, name, city, country, airport_type) values ('YPW', 'Powell River Airport', 'Orléans', 'France', 'international');
insert into airport (code, name, city, country, airport_type) values ('SUR', 'Summer Beaver Airport', 'Shangjiangxu', 'China', 'domestic');
insert into airport (code, name, city, country, airport_type) values ('ALO', 'Waterloo Regional Airport', 'Meniko', 'Cyprus', 'both');
insert into airport (code, name, city, country, airport_type) values ('YUJ', 'Lady Franklin Point Airport', 'Jiaqu', 'China', 'both');
insert into airport (code, name, city, country, airport_type) values ('ILO', 'Iloilo International Airport', 'Haiyu', 'China', 'both');
insert into airport (code, name, city, country, airport_type) values ('XSP', 'Seletar Airport', 'Barão de São Miguel', 'Portugal', 'both');
insert into airport (code, name, city, country, airport_type) values ('DAC', 'Hazrat Shahjalal International Airport', 'Nice', 'France', 'domestic');
insert into airport (code, name, city, country, airport_type) values ('KPO', 'Pohang Airport (G-815/K-3)', 'Yong’an', 'China', 'domestic');
insert into airport (code, name, city, country, airport_type) values ('MKP', 'Makemo Airport', 'Boto', 'Indonesia', 'both');
insert into airport (code, name, city, country, airport_type) values ('MOQ', 'Morondava Airport', 'Prachatice', 'Czech Republic', 'both');
insert into airport (code, name, city, country, airport_type) values ('LDZ', 'Londolozi Airport', 'Longmen', 'China', 'international');
insert into airport (code, name, city, country, airport_type) values ('HYA', 'Barnstable Municipal Boardman Polando Field', 'Qijia', 'China', 'domestic');

insert into customer (email, first_name, last_name, password, building_number, street_name, apartment_number, city, state, zip_code, passport_number, passport_expiration, passport_country, date_of_birth) values ('vklemt0@prlog.org', 'Virginie', 'Klemt', 'FCLfuH', 2, 'Susan', 3, 'Vaitape', null, null, 2, '2024-03-07', 'French Polynesia', '2009-11-08');
insert into customer (email, first_name, last_name, password, building_number, street_name, apartment_number, city, state, zip_code, passport_number, passport_expiration, passport_country, date_of_birth) values ('adaveran1@auda.org.au', 'Archibold', 'Daveran', 'AG5oRHqduES', 7, 'Schlimgen', 9, 'Neyvo-Rudyanka', null, '624170', 5, '2023-10-04', 'Russia', '1988-11-07');
insert into customer (email, first_name, last_name, password, building_number, street_name, apartment_number, city, state, zip_code, passport_number, passport_expiration, passport_country, date_of_birth) values ('lhardbattle2@hostgator.com', 'Lucio', 'Hardbattle', 'NZ5Yn1NXRRS', 8, 'Waxwing', 4, 'Wuxi', null, null, 4, '2024-10-30', 'China', '1983-01-26');
insert into customer (email, first_name, last_name, password, building_number, street_name, apartment_number, city, state, zip_code, passport_number, passport_expiration, passport_country, date_of_birth) values ('ksheehan3@typepad.com', 'Kathlin', 'Sheehan', 'daMTdbNZEme', 2, 'Ridge Oak', 3, 'Yitang', null, null, 3, '2026-03-31', 'China', '1972-12-10');
insert into customer (email, first_name, last_name, password, building_number, street_name, apartment_number, city, state, zip_code, passport_number, passport_expiration, passport_country, date_of_birth) values ('amccormick4@ox.ac.uk', 'Alex', 'McCormick', 'nHeF5lC4O', 10, 'Scoville', 1, 'Yangmaogong', null, null, 4, '2025-12-12', 'China', '1973-03-02');
insert into customer (email, first_name, last_name, password, building_number, street_name, apartment_number, city, state, zip_code, passport_number, passport_expiration, passport_country, date_of_birth) values ('ccattonnet5@admin.ch', 'Cilka', 'Cattonnet', '9TjUS90', 4, 'Center', 1, 'Ijebu-Ife', null, null, 2, '2025-08-22', 'Nigeria', '1982-08-07');
insert into customer (email, first_name, last_name, password, building_number, street_name, apartment_number, city, state, zip_code, passport_number, passport_expiration, passport_country, date_of_birth) values ('bbuffery6@mozilla.org', 'Bryana', 'Buffery', 'cSxPnNsb9', 10, 'Messerschmidt', 3, 'Guogan', null, null, 7, '2025-06-07', 'China', '1976-11-05');
insert into customer (email, first_name, last_name, password, building_number, street_name, apartment_number, city, state, zip_code, passport_number, passport_expiration, passport_country, date_of_birth) values ('bcasserley7@freewebs.com', 'Bird', 'Casserley', 'PEyBfk', 4, '2nd', 2, 'Brzeszcze', null, '32-622', 6, '2024-06-14', 'Poland', '1972-08-27');
insert into customer (email, first_name, last_name, password, building_number, street_name, apartment_number, city, state, zip_code, passport_number, passport_expiration, passport_country, date_of_birth) values ('mbaudts8@tuttocitta.it', 'Marylou', 'Baudts', 'MsIDWOI', 8, 'Comanche', 10, 'Jablonec nad Jizerou', null, '512 43', 2, '2024-11-24', 'Czech Republic', '2007-09-01');
insert into customer (email, first_name, last_name, password, building_number, street_name, apartment_number, city, state, zip_code, passport_number, passport_expiration, passport_country, date_of_birth) values ('jbomb9@adobe.com', 'Jarrad', 'Bomb', 'LlGvUnZ', 1, 'Farwell', 1, 'Laval', 'Québec', 'H7S', 1, '2025-03-27', 'Canada', '1997-10-16');
insert into customer (email, first_name, last_name, password, building_number, street_name, apartment_number, city, state, zip_code, passport_number, passport_expiration, passport_country, date_of_birth) values ('dnisarda@chicagotribune.com', 'Delora', 'Nisard', 'gg78xZOOAF', 3, 'Meadow Ridge', 9, 'Cabudare', null, null, 8, '2024-08-19', 'Venezuela', '2008-12-09');
insert into customer (email, first_name, last_name, password, building_number, street_name, apartment_number, city, state, zip_code, passport_number, passport_expiration, passport_country, date_of_birth) values ('rionb@discuz.net', 'Rolando', 'Ion', 'oi4VmXy', 7, 'Colorado', 8, 'Zharrëz', null, null, 1, '2024-08-24', 'Albania', '1997-11-05');
insert into customer (email, first_name, last_name, password, building_number, street_name, apartment_number, city, state, zip_code, passport_number, passport_expiration, passport_country, date_of_birth) values ('sblakec@printfriendly.com', 'Sunny', 'Blake', 'xMhMl1Wjphe', 9, 'Nevada', 2, 'Sīlat al Ḩārithīyah', null, null, 5, '2024-05-04', 'Palestinian Territory', '1999-09-27');
insert into customer (email, first_name, last_name, password, building_number, street_name, apartment_number, city, state, zip_code, passport_number, passport_expiration, passport_country, date_of_birth) values ('bwarnesd@photobucket.com', 'Buck', 'Warnes', 'oCAaxJBupkX', 7, 'Randy', 9, 'El Cobre', null, null, 3, '2026-08-21', 'Venezuela', '2005-07-23');
insert into customer (email, first_name, last_name, password, building_number, street_name, apartment_number, city, state, zip_code, passport_number, passport_expiration, passport_country, date_of_birth) values ('cmyricke@zimbio.com', 'Cobbie', 'Myrick', 'BUo0LTttUbxS', 2, 'Oak Valley', 7, 'Trąbki', null, '32-020', 1, '2023-09-05', 'Poland', '2009-11-20');
insert into customer (email, first_name, last_name, password, building_number, street_name, apartment_number, city, state, zip_code, passport_number, passport_expiration, passport_country, date_of_birth) values ('scoief@creativecommons.org', 'Sherlocke', 'Coie', '402exu', 2, 'Eastlawn', 9, 'Shimen', null, null, 7, '2025-11-15', 'China', '2008-08-09');
insert into customer (email, first_name, last_name, password, building_number, street_name, apartment_number, city, state, zip_code, passport_number, passport_expiration, passport_country, date_of_birth) values ('idonaldsong@businessweek.com', 'Ilyse', 'Donaldson', 'fZsJhb', 2, 'Hooker', 3, 'Aktogay', null, null, 7, '2026-09-13', 'Kazakhstan', '2001-03-06');
insert into customer (email, first_name, last_name, password, building_number, street_name, apartment_number, city, state, zip_code, passport_number, passport_expiration, passport_country, date_of_birth) values ('cthurlbyh@smugmug.com', 'Christina', 'Thurlby', 'U1PpkquZ', 10, 'Hauk', 3, 'Xishanzui', null, null, 4, '2026-10-08', 'China', '1982-12-24');
insert into customer (email, first_name, last_name, password, building_number, street_name, apartment_number, city, state, zip_code, passport_number, passport_expiration, passport_country, date_of_birth) values ('pdupreei@bbc.co.uk', 'Phedra', 'Dupree', 'J3ofTI', 4, 'Anniversary', 6, 'Poshnje', null, null, 7, '2026-04-01', 'Albania', '1990-04-27');
insert into customer (email, first_name, last_name, password, building_number, street_name, apartment_number, city, state, zip_code, passport_number, passport_expiration, passport_country, date_of_birth) values ('mpoytherasj@last.fm', 'Martyn', 'Poytheras', 'ELwOmYiS', 3, 'Novick', 4, 'Kodamachō-kodamaminami', null, '375-0054', 8, '2025-05-02', 'Japan', '1983-02-18');
insert into customer (email, first_name, last_name, password, building_number, street_name, apartment_number, city, state, zip_code, passport_number, passport_expiration, passport_country, date_of_birth) values ('ebrennandk@cornell.edu', 'Elly', 'Brennand', 'Qpqg9d3zf', 4, 'Portage', 1, 'Gansa', null, null, 5, '2023-10-22', 'China', '1992-12-08');
insert into customer (email, first_name, last_name, password, building_number, street_name, apartment_number, city, state, zip_code, passport_number, passport_expiration, passport_country, date_of_birth) values ('tgamill@skyrock.com', 'Tan', 'Gamil', '9Y1iinSs5', 10, 'Schlimgen', 2, 'Monkstown', null, 'D04', 7, '2026-12-11', 'Ireland', '1973-08-19');
insert into customer (email, first_name, last_name, password, building_number, street_name, apartment_number, city, state, zip_code, passport_number, passport_expiration, passport_country, date_of_birth) values ('ffuzzeym@independent.co.uk', 'Fairfax', 'Fuzzey', 'BMBAhh', 9, 'Service', 3, 'Kaeng Khro', null, '36150', 7, '2026-02-24', 'Thailand', '1981-04-15');
insert into customer (email, first_name, last_name, password, building_number, street_name, apartment_number, city, state, zip_code, passport_number, passport_expiration, passport_country, date_of_birth) values ('bdanelsn@tinyurl.com', 'Bernadine', 'Danels', 'kj2XgP2uSgz', 2, 'Lotheville', 9, 'Koani Ndogo', null, null, 3, '2023-08-16', 'Tanzania', '1995-10-03');
insert into customer (email, first_name, last_name, password, building_number, street_name, apartment_number, city, state, zip_code, passport_number, passport_expiration, passport_country, date_of_birth) values ('kpridgeono@cbslocal.com', 'Ky', 'Pridgeon', '0PzK3XNps', 10, 'Buell', 9, 'Le Havre', 'Haute-Normandie', '76086 CEDEX', 6, '2023-12-22', 'France', '2004-06-18');
insert into customer (email, first_name, last_name, password, building_number, street_name, apartment_number, city, state, zip_code, passport_number, passport_expiration, passport_country, date_of_birth) values ('rduigedp@barnesandnoble.com', 'Robenia', 'Duiged', 'DWgHGnbGo0K', 10, 'Maryland', 2, 'Babao', null, null, 8, '2026-02-07', 'China', '1980-05-23');
insert into customer (email, first_name, last_name, password, building_number, street_name, apartment_number, city, state, zip_code, passport_number, passport_expiration, passport_country, date_of_birth) values ('jlenoirq@msu.edu', 'Jared', 'Lenoir', 'dhOTOUxFKL', 3, 'Stuart', 4, 'Tigre', null, '3350', 3, '2024-10-07', 'Argentina', '1980-12-06');
insert into customer (email, first_name, last_name, password, building_number, street_name, apartment_number, city, state, zip_code, passport_number, passport_expiration, passport_country, date_of_birth) values ('eroebyr@soundcloud.com', 'Edithe', 'Roeby', '2L6XXGm', 4, 'Pleasure', 6, 'Zhangdu', null, null, 7, '2025-04-23', 'China', '1982-10-26');
insert into customer (email, first_name, last_name, password, building_number, street_name, apartment_number, city, state, zip_code, passport_number, passport_expiration, passport_country, date_of_birth) values ('gshebers@deviantart.com', 'Gustie', 'Sheber', 'iBLsMm3ZGFdd', 10, 'Clove', 7, 'Lüfeng', null, null, 1, '2025-11-11', 'China', '1998-03-08');
insert into customer (email, first_name, last_name, password, building_number, street_name, apartment_number, city, state, zip_code, passport_number, passport_expiration, passport_country, date_of_birth) values ('ijeffest@dagondesign.com', 'Ida', 'Jeffes', 'QwAAfn9qJgv', 9, 'Vidon', 1, 'Yuyue', null, null, 1, '2026-04-06', 'China', '1984-10-01');

insert into airplane (airline_name, seat_number, manufacturing_company, manufacturing_date, age) values ('United', 199, 'Realcube', '2021-10-24', 1);
insert into airplane (airline_name, seat_number, manufacturing_company, manufacturing_date, age) values ('Jet Blue', 77, 'Livefish', '2023-03-22', 4);
insert into airplane (airline_name, seat_number, manufacturing_company, manufacturing_date, age) values ('Air Canada', 131, 'Skinix', '2021-06-15', 2);
insert into airplane (airline_name, seat_number, manufacturing_company, manufacturing_date, age) values ('Jet Blue', 57, 'Photofeed', '2023-03-27', 3);
insert into airplane (airline_name, seat_number, manufacturing_company, manufacturing_date, age) values ('United', 101, 'Vitz', '2022-10-07', 4);
insert into airplane (airline_name, seat_number, manufacturing_company, manufacturing_date, age) values ('Southwest', 120, 'Rhybox', '2020-08-11', 3);
insert into airplane (airline_name, seat_number, manufacturing_company, manufacturing_date, age) values ('Air Canada', 57, 'Riffpath', '2021-04-21', 1);
insert into airplane (airline_name, seat_number, manufacturing_company, manufacturing_date, age) values ('Jet Blue', 66, 'Vimbo', '2021-03-19', 1);
insert into airplane (airline_name, seat_number, manufacturing_company, manufacturing_date, age) values ('Air France', 119, 'Brainbox', '2021-12-23', 2);
insert into airplane (airline_name, seat_number, manufacturing_company, manufacturing_date, age) values ('British Airways', 83, 'Katz', '2020-12-04', 2);
insert into airplane (airline_name, seat_number, manufacturing_company, manufacturing_date, age) values ('Air France', 101, 'Quatz', '2022-05-14', 4);
insert into airplane (airline_name, seat_number, manufacturing_company, manufacturing_date, age) values ('Air France', 102, 'Eamia', '2021-09-04', 3);
insert into airplane (airline_name, seat_number, manufacturing_company, manufacturing_date, age) values ('Southwest', 114, 'Muxo', '2022-11-24', 3);
insert into airplane (airline_name, seat_number, manufacturing_company, manufacturing_date, age) values ('American Eagle Airlines', 158, 'Dabjam', '2021-10-15', 1);
insert into airplane (airline_name, seat_number, manufacturing_company, manufacturing_date, age) values ('Alaska Airlines', 86, 'Digitube', '2023-02-25', 2);
insert into airplane (airline_name, seat_number, manufacturing_company, manufacturing_date, age) values ('American Airlines', 45, 'Jayo', '2022-11-12', 3);
insert into airplane (airline_name, seat_number, manufacturing_company, manufacturing_date, age) values ('Delta Air Line', 198, 'Youtags', '2021-11-24', 2);
insert into airplane (airline_name, seat_number, manufacturing_company, manufacturing_date, age) values ('Jet Blue', 175, 'Teklist', '2020-10-28', 1);
insert into airplane (airline_name, seat_number, manufacturing_company, manufacturing_date, age) values ('Air Canada', 154, 'Eamia', '2020-12-13', 4);
insert into airplane (airline_name, seat_number, manufacturing_company, manufacturing_date, age) values ('Southwest', 79, 'Kayveo', '2021-01-13', 2);
insert into airplane (airline_name, seat_number, manufacturing_company, manufacturing_date, age) values ('Delta Air Line', 182, 'Skinix', '2020-04-08', 2);
insert into airplane (airline_name, seat_number, manufacturing_company, manufacturing_date, age) values ('Southwest', 114, 'Teklist', '2021-07-15', 3);
insert into airplane (airline_name, seat_number, manufacturing_company, manufacturing_date, age) values ('American Eagle Airlines', 95, 'Topicshots', '2021-12-26', 3);
insert into airplane (airline_name, seat_number, manufacturing_company, manufacturing_date, age) values ('United', 129, 'Zoomcast', '2021-03-09', 3);
insert into airplane (airline_name, seat_number, manufacturing_company, manufacturing_date, age) values ('Southwest', 84, 'Dynabox', '2022-05-23', 2);
insert into airplane (airline_name, seat_number, manufacturing_company, manufacturing_date, age) values ('British Airways', 197, 'Twitterworks', '2021-08-30', 2);
insert into airplane (airline_name, seat_number, manufacturing_company, manufacturing_date, age) values ('Air France', 60, 'Lazz', '2022-01-10', 4);
insert into airplane (airline_name, seat_number, manufacturing_company, manufacturing_date, age) values ('American Eagle Airlines', 134, 'Skinder', '2022-08-19', 2);
insert into airplane (airline_name, seat_number, manufacturing_company, manufacturing_date, age) values ('Delta Air Line', 74, 'Thoughtblab', '2022-03-13', 3);
insert into airplane (airline_name, seat_number, manufacturing_company, manufacturing_date, age) values ('Air France', 148, 'Quimm', '2023-03-25', 3);
insert into airplane (airline_name, seat_number, manufacturing_company, manufacturing_date, age) values ('Southwest', 142, 'Babbleset', '2021-07-16', 1);
insert into airplane (airline_name, seat_number, manufacturing_company, manufacturing_date, age) values ('American Eagle Airlines', 177, 'Babbleblab', '2021-07-02', 2);
insert into airplane (airline_name, seat_number, manufacturing_company, manufacturing_date, age) values ('Delta Air Line', 108, 'Meevee', '2020-04-19', 2);
insert into airplane (airline_name, seat_number, manufacturing_company, manufacturing_date, age) values ('United', 136, 'Voonder', '2022-07-05', 1);
insert into airplane (airline_name, seat_number, manufacturing_company, manufacturing_date, age) values ('American Airlines', 124, 'Gabcube', '2021-12-16', 4);
insert into airplane (airline_name, seat_number, manufacturing_company, manufacturing_date, age) values ('Alaska Airlines', 161, 'Browsedrive', '2022-01-26', 4);
insert into airplane (airline_name, seat_number, manufacturing_company, manufacturing_date, age) values ('Alaska Airlines', 123, 'Meetz', '2023-03-04', 3);
insert into airplane (airline_name, seat_number, manufacturing_company, manufacturing_date, age) values ('Delta Air Line', 144, 'Vinder', '2022-08-04', 2);
insert into airplane (airline_name, seat_number, manufacturing_company, manufacturing_date, age) values ('American Airlines', 106, 'Innotype', '2022-10-04', 1);
insert into airplane (airline_name, seat_number, manufacturing_company, manufacturing_date, age) values ('Air France', 56, 'Roomm', '2021-05-09', 2);
insert into airplane (airline_name, seat_number, manufacturing_company, manufacturing_date, age) values ('American Eagle Airlines', 33, 'Dabvine', '2022-09-07', 3);
insert into airplane (airline_name, seat_number, manufacturing_company, manufacturing_date, age) values ('American Airlines', 171, 'Myworks', '2020-11-20', 3);
insert into airplane (airline_name, seat_number, manufacturing_company, manufacturing_date, age) values ('Air France', 187, 'Jazzy', '2021-04-20', 1);
insert into airplane (airline_name, seat_number, manufacturing_company, manufacturing_date, age) values ('Air Canada', 120, 'Roomm', '2020-05-09', 2);
insert into airplane (airline_name, seat_number, manufacturing_company, manufacturing_date, age) values ('Air France', 100, 'Innojam', '2020-07-21', 1);
insert into airplane (airline_name, seat_number, manufacturing_company, manufacturing_date, age) values ('Southwest', 161, 'Gabvine', '2020-02-06', 4);
insert into airplane (airline_name, seat_number, manufacturing_company, manufacturing_date, age) values ('Air France', 57, 'Cogibox', '2020-06-18', 3);
insert into airplane (airline_name, seat_number, manufacturing_company, manufacturing_date, age) values ('Delta Air Line', 74, 'Flashdog', '2021-01-14', 1);
insert into airplane (airline_name, seat_number, manufacturing_company, manufacturing_date, age) values ('Jet Blue', 176, 'Skinder', '2022-04-15', 2);
insert into airplane (airline_name, seat_number, manufacturing_company, manufacturing_date, age) values ('British Airways', 140, 'Mydo', '2020-12-09', 3);
insert into airplane (airline_name, seat_number, manufacturing_company, manufacturing_date, age) values ('Air France', 65, 'Meeveo', '2020-03-06', 3);
insert into airplane (airline_name, seat_number, manufacturing_company, manufacturing_date, age) values ('Air France', 64, 'Eimbee', '2021-11-04', 3);
insert into airplane (airline_name, seat_number, manufacturing_company, manufacturing_date, age) values ('United', 154, 'Innotype', '2020-04-30', 2);
insert into airplane (airline_name, seat_number, manufacturing_company, manufacturing_date, age) values ('British Airways', 95, 'Quimba', '2022-11-14', 4);
insert into airplane (airline_name, seat_number, manufacturing_company, manufacturing_date, age) values ('American Eagle Airlines', 124, 'Midel', '2020-10-14', 3);
insert into airplane (airline_name, seat_number, manufacturing_company, manufacturing_date, age) values ('British Airways', 85, 'Yambee', '2020-07-19', 4);
insert into airplane (airline_name, seat_number, manufacturing_company, manufacturing_date, age) values ('American Eagle Airlines', 161, 'Chatterpoint', '2021-01-24', 4);
insert into airplane (airline_name, seat_number, manufacturing_company, manufacturing_date, age) values ('British Airways', 103, 'Zazio', '2021-12-05', 1);
insert into airplane (airline_name, seat_number, manufacturing_company, manufacturing_date, age) values ('Delta Air Line', 195, 'Oozz', '2022-06-27', 3);
insert into airplane (airline_name, seat_number, manufacturing_company, manufacturing_date, age) values ('Alaska Airlines', 180, 'Yombu', '2021-04-09', 4);
insert into airplane (airline_name, seat_number, manufacturing_company, manufacturing_date, age) values ('Air France', 32, 'Oyoyo', '2021-10-22', 3);
insert into airplane (airline_name, seat_number, manufacturing_company, manufacturing_date, age) values ('American Eagle Airlines', 171, 'Thoughtmix', '2022-11-17', 2);
insert into airplane (airline_name, seat_number, manufacturing_company, manufacturing_date, age) values ('Air Canada', 188, 'Jaxbean', '2020-09-09', 1);
insert into airplane (airline_name, seat_number, manufacturing_company, manufacturing_date, age) values ('Jet Blue', 60, 'Aivee', '2020-09-28', 4);
insert into airplane (airline_name, seat_number, manufacturing_company, manufacturing_date, age) values ('Air Canada', 60, 'Pixoboo', '2022-09-11', 1);
insert into airplane (airline_name, seat_number, manufacturing_company, manufacturing_date, age) values ('Air Canada', 67, 'Quire', '2022-04-23', 1);
insert into airplane (airline_name, seat_number, manufacturing_company, manufacturing_date, age) values ('Alaska Airlines', 80, 'Divape', '2020-06-10', 1);
insert into airplane (airline_name, seat_number, manufacturing_company, manufacturing_date, age) values ('Alaska Airlines', 74, 'Jaloo', '2021-06-28', 4);
insert into airplane (airline_name, seat_number, manufacturing_company, manufacturing_date, age) values ('American Airlines', 179, 'Eayo', '2022-02-07', 3);
insert into airplane (airline_name, seat_number, manufacturing_company, manufacturing_date, age) values ('British Airways', 111, 'Buzzshare', '2021-07-22', 2);
insert into airplane (airline_name, seat_number, manufacturing_company, manufacturing_date, age) values ('Alaska Airlines', 178, 'Flashpoint', '2021-07-10', 1);
insert into airplane (airline_name, seat_number, manufacturing_company, manufacturing_date, age) values ('Air Canada', 189, 'Camido', '2021-12-29', 3);
insert into airplane (airline_name, seat_number, manufacturing_company, manufacturing_date, age) values ('Southwest', 78, 'Photofeed', '2021-10-17', 4);
insert into airplane (airline_name, seat_number, manufacturing_company, manufacturing_date, age) values ('United', 125, 'Midel', '2021-11-06', 2);
insert into airplane (airline_name, seat_number, manufacturing_company, manufacturing_date, age) values ('United', 49, 'Eidel', '2021-11-19', 3);
insert into airplane (airline_name, seat_number, manufacturing_company, manufacturing_date, age) values ('Jet Blue', 189, 'Voomm', '2023-02-07', 2);
insert into airplane (airline_name, seat_number, manufacturing_company, manufacturing_date, age) values ('Jet Blue', 193, 'Babblestorm', '2022-12-29', 3);
insert into airplane (airline_name, seat_number, manufacturing_company, manufacturing_date, age) values ('Delta Air Line', 100, 'Kimia', '2022-09-07', 4);
insert into airplane (airline_name, seat_number, manufacturing_company, manufacturing_date, age) values ('British Airways', 58, 'Chatterpoint', '2022-08-29', 4);
insert into airplane (airline_name, seat_number, manufacturing_company, manufacturing_date, age) values ('Alaska Airlines', 73, 'Quinu', '2021-07-28', 1);
insert into airplane (airline_name, seat_number, manufacturing_company, manufacturing_date, age) values ('United', 190, 'Browsebug', '2020-12-22', 4);
insert into airplane (airline_name, seat_number, manufacturing_company, manufacturing_date, age) values ('Jet Blue', 114, 'Livetube', '2022-04-02', 3);
insert into airplane (airline_name, seat_number, manufacturing_company, manufacturing_date, age) values ('Jet Blue', 50, 'Skaboo', '2020-09-22', 2);
insert into airplane (airline_name, seat_number, manufacturing_company, manufacturing_date, age) values ('United', 109, 'Topicware', '2022-08-22', 3);
insert into airplane (airline_name, seat_number, manufacturing_company, manufacturing_date, age) values ('Alaska Airlines', 199, 'Photobug', '2021-04-13', 1);
insert into airplane (airline_name, seat_number, manufacturing_company, manufacturing_date, age) values ('Air Canada', 98, 'Divavu', '2022-05-17', 2);
insert into airplane (airline_name, seat_number, manufacturing_company, manufacturing_date, age) values ('American Airlines', 135, 'Quire', '2022-03-06', 2);
insert into airplane (airline_name, seat_number, manufacturing_company, manufacturing_date, age) values ('Southwest', 115, 'Eire', '2022-08-05', 3);
insert into airplane (airline_name, seat_number, manufacturing_company, manufacturing_date, age) values ('Air France', 51, 'Flipbug', '2022-01-19', 4);
insert into airplane (airline_name, seat_number, manufacturing_company, manufacturing_date, age) values ('United', 38, 'Kimia', '2021-08-14', 3);
insert into airplane (airline_name, seat_number, manufacturing_company, manufacturing_date, age) values ('Air France', 43, 'Ozu', '2022-12-01', 2);
insert into airplane (airline_name, seat_number, manufacturing_company, manufacturing_date, age) values ('Jet Blue', 57, 'Flipbug', '2020-05-04', 1);
insert into airplane (airline_name, seat_number, manufacturing_company, manufacturing_date, age) values ('Jet Blue', 125, 'Twinder', '2020-09-15', 3);
insert into airplane (airline_name, seat_number, manufacturing_company, manufacturing_date, age) values ('Delta Air Line', 104, 'Twitterlist', '2022-07-10', 4);
insert into airplane (airline_name, seat_number, manufacturing_company, manufacturing_date, age) values ('American Eagle Airlines', 180, 'Aibox', '2020-05-23', 1);
insert into airplane (airline_name, seat_number, manufacturing_company, manufacturing_date, age) values ('Air France', 53, 'Jetpulse', '2023-01-11', 1);
insert into airplane (airline_name, seat_number, manufacturing_company, manufacturing_date, age) values ('British Airways', 130, 'Kanoodle', '2022-11-16', 3);
insert into airplane (airline_name, seat_number, manufacturing_company, manufacturing_date, age) values ('Air Canada', 114, 'DabZ', '2022-05-01', 1);
insert into airplane (airline_name, seat_number, manufacturing_company, manufacturing_date, age) values ('Jet Blue', 172, 'Dynazzy', '2021-10-11', 3);
insert into airplane (airline_name, seat_number, manufacturing_company, manufacturing_date, age) values ('Jet Blue', 62, 'Devcast', '2021-10-29', 4);

insert into airline_staff (username, password, first_name, last_name, date_of_birth, airline_name) values ('admin', '$2a$12$j9NS.B/2DSps/8URF8dGgeVNU88kXoqMuH/5M2.8YRezL5LWKU0p.', 'Qianxi', 'Chen', '2000-01-01', 'Jet Blue');

insert into flight (airline_name, flight_number, departure_date_time, departure_airport_code, arrival_date_time, arrival_airport_code, base_price, airplane_ID, status) values ('British Airways', 177, '2022-09-03 09:37:52', 'YUJ', '2022-09-04 02:37:52', 'LEJ', 105.92, 7, 'departed');
insert into flight (airline_name, flight_number, departure_date_time, departure_airport_code, arrival_date_time, arrival_airport_code, base_price, airplane_ID, status) values ('Air France', 62, '2023-05-24 13:09:22', 'KPO', '2023-05-24 17:09:22', 'ALO', 186.28, 9, 'scheduled');
insert into flight (airline_name, flight_number, departure_date_time, departure_airport_code, arrival_date_time, arrival_airport_code, base_price, airplane_ID, status) values ('Jet Blue', 95, '2021-04-20 17:46:57', 'DAC', '2021-04-21 03:46:57', 'DAC', 222.01, 12, 'departed');
insert into flight (airline_name, flight_number, departure_date_time, departure_airport_code, arrival_date_time, arrival_airport_code, base_price, airplane_ID, status) values ('Alaska Airlines', 125, '2021-07-17 22:02:59', 'ZGU', '2021-07-18 08:02:59', 'CIA', 498.79, 4, 'arrived');
insert into flight (airline_name, flight_number, departure_date_time, departure_airport_code, arrival_date_time, arrival_airport_code, base_price, airplane_ID, status) values ('American Eagle Airlines', 100, '2023-12-05 01:36:03', 'AIH', '2023-12-05 15:36:03', 'AIH', 88.64, 2, 'scheduled');
insert into flight (airline_name, flight_number, departure_date_time, departure_airport_code, arrival_date_time, arrival_airport_code, base_price, airplane_ID, status) values ('American Airlines', 190, '2021-12-12 00:50:12', 'HYA', '2021-12-12 07:50:12', 'MKP', 639.70, 1, 'scheduled');
insert into flight (airline_name, flight_number, departure_date_time, departure_airport_code, arrival_date_time, arrival_airport_code, base_price, airplane_ID, status) values ('British Airways', 159, '2021-12-06 08:13:32', 'DNG', '2021-12-06 14:13:32', 'AKD', 407.88, 3, 'departed');
insert into flight (airline_name, flight_number, departure_date_time, departure_airport_code, arrival_date_time, arrival_airport_code, base_price, airplane_ID, status) values ('United', 113, '2023-12-01 08:57:08', 'XSP', '2023-12-01 12:57:08', 'YPW', 333.32, 6, 'delayed');
insert into flight (airline_name, flight_number, departure_date_time, departure_airport_code, arrival_date_time, arrival_airport_code, base_price, airplane_ID, status) values ('Jet Blue', 156, '2022-10-10 18:06:18', 'DNG', '2022-10-11 03:06:18', 'KPO', 381.76, 10, 'scheduled');
insert into flight (airline_name, flight_number, departure_date_time, departure_airport_code, arrival_date_time, arrival_airport_code, base_price, airplane_ID, status) values ('United', 137, '2023-01-08 23:18:06', 'LDZ', '2023-01-09 17:18:06', 'SUR', 389.19, 1, 'delayed');
insert into flight (airline_name, flight_number, departure_date_time, departure_airport_code, arrival_date_time, arrival_airport_code, base_price, airplane_ID, status) values ('American Eagle Airlines', 162, '2023-09-15 11:44:33', 'MOQ', '2023-09-16 01:44:33', 'MKP', 55.83, 0, 'scheduled');
insert into flight (airline_name, flight_number, departure_date_time, departure_airport_code, arrival_date_time, arrival_airport_code, base_price, airplane_ID, status) values ('Southwest', 84, '2022-11-04 01:24:50', 'AIH', '2022-11-04 17:24:50', 'ZGU', 648.14, 8, 'scheduled');
insert into flight (airline_name, flight_number, departure_date_time, departure_airport_code, arrival_date_time, arrival_airport_code, base_price, airplane_ID, status) values ('Delta Air Line', 121, '2020-05-01 14:41:07', 'XSP', '2020-05-02 03:41:07', 'ZGU', 241.78, 3, 'delayed');
insert into flight (airline_name, flight_number, departure_date_time, departure_airport_code, arrival_date_time, arrival_airport_code, base_price, airplane_ID, status) values ('British Airways', 83, '2022-01-10 22:34:34', 'FLG', '2022-01-11 07:34:34', 'ILO', 92.22, 8, 'scheduled');
insert into flight (airline_name, flight_number, departure_date_time, departure_airport_code, arrival_date_time, arrival_airport_code, base_price, airplane_ID, status) values ('Air Canada', 69, '2024-05-16 05:14:36', 'DAC', '2024-05-16 21:14:36', 'DAC', 401.54, 1, 'delayed');
insert into flight (airline_name, flight_number, departure_date_time, departure_airport_code, arrival_date_time, arrival_airport_code, base_price, airplane_ID, status) values ('Southwest', 185, '2021-02-20 06:00:34', 'LEJ', '2021-02-20 19:00:34', 'LDZ', 263.86, 6, 'scheduled');
insert into flight (airline_name, flight_number, departure_date_time, departure_airport_code, arrival_date_time, arrival_airport_code, base_price, airplane_ID, status) values ('Southwest', 152, '2023-06-18 13:49:47', 'MOQ', '2023-06-19 01:49:47', 'ALO', 573.26, 3, 'scheduled');
insert into flight (airline_name, flight_number, departure_date_time, departure_airport_code, arrival_date_time, arrival_airport_code, base_price, airplane_ID, status) values ('Air Canada', 181, '2020-12-16 23:14:41', 'CIA', '2020-12-17 00:14:41', 'XSP', 521.91, 0, 'delayed');
insert into flight (airline_name, flight_number, departure_date_time, departure_airport_code, arrival_date_time, arrival_airport_code, base_price, airplane_ID, status) values ('British Airways', 123, '2021-03-15 07:42:11', 'AKD', '2021-03-15 17:42:11', 'ILO', 88.01, 0, 'delayed');
insert into flight (airline_name, flight_number, departure_date_time, departure_airport_code, arrival_date_time, arrival_airport_code, base_price, airplane_ID, status) values ('Jet Blue', 105, '2021-08-20 06:20:05', 'MOQ', '2021-08-20 22:20:05', 'DAC', 64.95, 5, 'ontime');
insert into flight (airline_name, flight_number, departure_date_time, departure_airport_code, arrival_date_time, arrival_airport_code, base_price, airplane_ID, status) values ('American Airlines', 44, '2021-06-16 00:15:18', 'ILO', '2021-06-16 12:15:18', 'YPW', 564.91, 0, 'scheduled');
insert into flight (airline_name, flight_number, departure_date_time, departure_airport_code, arrival_date_time, arrival_airport_code, base_price, airplane_ID, status) values ('United', 169, '2024-01-03 16:49:49', 'FLG', '2024-01-04 01:49:49', 'ILO', 76.24, 6, 'arrived');
insert into flight (airline_name, flight_number, departure_date_time, departure_airport_code, arrival_date_time, arrival_airport_code, base_price, airplane_ID, status) values ('Southwest', 64, '2023-09-30 10:41:20', 'LEJ', '2023-09-30 19:41:20', 'KPO', 578.65, 3, 'delayed');
insert into flight (airline_name, flight_number, departure_date_time, departure_airport_code, arrival_date_time, arrival_airport_code, base_price, airplane_ID, status) values ('Southwest', 49, '2023-01-18 06:00:08', 'SUR', '2023-01-18 07:00:08', 'MOQ', 444.47, 3, 'delayed');
insert into flight (airline_name, flight_number, departure_date_time, departure_airport_code, arrival_date_time, arrival_airport_code, base_price, airplane_ID, status) values ('Alaska Airlines', 103, '2022-09-20 01:04:06', 'YUJ', '2022-09-20 15:04:06', 'LDZ', 483.34, 4, 'arrived');
insert into flight (airline_name, flight_number, departure_date_time, departure_airport_code, arrival_date_time, arrival_airport_code, base_price, airplane_ID, status) values ('American Eagle Airlines', 48, '2024-07-25 22:35:10', 'DNG', '2024-07-26 01:35:10', 'YUJ', 483.96, 3, 'arrived');
insert into flight (airline_name, flight_number, departure_date_time, departure_airport_code, arrival_date_time, arrival_airport_code, base_price, airplane_ID, status) values ('Delta Air Line', 124, '2021-03-26 19:44:47', 'ALO', '2021-03-27 13:44:47', 'MOQ', 657.51, 4, 'scheduled');
insert into flight (airline_name, flight_number, departure_date_time, departure_airport_code, arrival_date_time, arrival_airport_code, base_price, airplane_ID, status) values ('American Airlines', 69, '2022-01-15 09:09:06', 'ILO', '2022-01-15 23:09:06', 'ALO', 243.59, 4, 'departed');
insert into flight (airline_name, flight_number, departure_date_time, departure_airport_code, arrival_date_time, arrival_airport_code, base_price, airplane_ID, status) values ('Air Canada', 45, '2023-12-09 23:19:28', 'LEJ', '2023-12-10 16:19:28', 'FLG', 67.50, 0, 'delayed');
insert into flight (airline_name, flight_number, departure_date_time, departure_airport_code, arrival_date_time, arrival_airport_code, base_price, airplane_ID, status) values ('United', 138, '2024-05-06 08:09:49', 'FLG', '2024-05-06 18:09:49', 'LDZ', 213.66, 1, 'scheduled');
insert into flight (airline_name, flight_number, departure_date_time, departure_airport_code, arrival_date_time, arrival_airport_code, base_price, airplane_ID, status) values ('Southwest', 73, '2022-11-13 14:44:40', 'KPO', '2022-11-14 08:44:40', 'FLG', 388.78, 8, 'departed');
insert into flight (airline_name, flight_number, departure_date_time, departure_airport_code, arrival_date_time, arrival_airport_code, base_price, airplane_ID, status) values ('American Eagle Airlines', 41, '2021-10-02 01:10:17', 'XSP', '2021-10-02 11:10:17', 'ILO', 205.79, 8, 'scheduled');
insert into flight (airline_name, flight_number, departure_date_time, departure_airport_code, arrival_date_time, arrival_airport_code, base_price, airplane_ID, status) values ('Delta Air Line', 61, '2020-12-20 03:14:06', 'XSP', '2020-12-20 06:14:06', 'YBC', 428.85, 3, 'departed');
insert into flight (airline_name, flight_number, departure_date_time, departure_airport_code, arrival_date_time, arrival_airport_code, base_price, airplane_ID, status) values ('Southwest', 147, '2020-01-22 18:42:19', 'MOQ', '2020-01-23 07:42:19', 'AIH', 547.81, 8, 'departed');
insert into flight (airline_name, flight_number, departure_date_time, departure_airport_code, arrival_date_time, arrival_airport_code, base_price, airplane_ID, status) values ('Air Canada', 116, '2020-04-12 22:45:18', 'ALO', '2020-04-13 16:45:18', 'HYA', 546.90, 4, 'ontime');
insert into flight (airline_name, flight_number, departure_date_time, departure_airport_code, arrival_date_time, arrival_airport_code, base_price, airplane_ID, status) values ('American Airlines', 78, '2023-06-16 13:02:29', 'ILO', '2023-06-17 02:02:29', 'XSP', 123.12, 1, 'arrived');
insert into flight (airline_name, flight_number, departure_date_time, departure_airport_code, arrival_date_time, arrival_airport_code, base_price, airplane_ID, status) values ('Southwest', 174, '2021-06-02 07:47:12', 'ZGU', '2021-06-02 10:47:12', 'DNG', 138.17, 5, 'ontime');
insert into flight (airline_name, flight_number, departure_date_time, departure_airport_code, arrival_date_time, arrival_airport_code, base_price, airplane_ID, status) values ('Air France', 41, '2020-11-17 09:18:21', 'HYA', '2020-11-18 00:18:21', 'HYA', 109.77, 6, 'ontime');
insert into flight (airline_name, flight_number, departure_date_time, departure_airport_code, arrival_date_time, arrival_airport_code, base_price, airplane_ID, status) values ('Alaska Airlines', 75, '2022-08-03 05:11:30', 'FLG', '2022-08-03 23:11:30', 'LEJ', 276.62, 7, 'scheduled');
insert into flight (airline_name, flight_number, departure_date_time, departure_airport_code, arrival_date_time, arrival_airport_code, base_price, airplane_ID, status) values ('American Airlines', 169, '2020-01-05 01:11:08', 'ALO', '2020-01-05 16:11:08', 'YUJ', 210.94, 5, 'ontime');
insert into flight (airline_name, flight_number, departure_date_time, departure_airport_code, arrival_date_time, arrival_airport_code, base_price, airplane_ID, status) values ('Jet Blue', 171, '2022-09-23 19:06:40', 'YPW', '2022-09-24 00:06:40', 'AIH', 672.13, 6, 'ontime');
insert into flight (airline_name, flight_number, departure_date_time, departure_airport_code, arrival_date_time, arrival_airport_code, base_price, airplane_ID, status) values ('Air Canada', 75, '2020-06-28 01:14:41', 'FLG', '2020-06-28 09:14:41', 'MOQ', 280.79, 4, 'departed');
insert into flight (airline_name, flight_number, departure_date_time, departure_airport_code, arrival_date_time, arrival_airport_code, base_price, airplane_ID, status) values ('American Eagle Airlines', 82, '2022-08-16 19:19:35', 'AKD', '2022-08-16 22:19:35', 'DNG', 399.12, 0, 'arrived');
insert into flight (airline_name, flight_number, departure_date_time, departure_airport_code, arrival_date_time, arrival_airport_code, base_price, airplane_ID, status) values ('American Airlines', 96, '2020-08-17 22:33:01', 'MKP', '2020-08-17 23:33:01', 'DNG', 618.44, 0, 'scheduled');
insert into flight (airline_name, flight_number, departure_date_time, departure_airport_code, arrival_date_time, arrival_airport_code, base_price, airplane_ID, status) values ('Alaska Airlines', 92, '2023-03-04 22:14:08', 'FLG', '2023-03-05 03:14:08', 'SUR', 326.62, 2, 'arrived');
insert into flight (airline_name, flight_number, departure_date_time, departure_airport_code, arrival_date_time, arrival_airport_code, base_price, airplane_ID, status) values ('Alaska Airlines', 85, '2024-01-26 00:52:47', 'AKD', '2024-01-26 14:52:47', 'ILO', 586.22, 2, 'ontime');
insert into flight (airline_name, flight_number, departure_date_time, departure_airport_code, arrival_date_time, arrival_airport_code, base_price, airplane_ID, status) values ('Southwest', 130, '2022-08-19 19:28:33', 'ZGU', '2022-08-20 05:28:33', 'YPW', 389.26, 8, 'scheduled');
insert into flight (airline_name, flight_number, departure_date_time, departure_airport_code, arrival_date_time, arrival_airport_code, base_price, airplane_ID, status) values ('American Eagle Airlines', 173, '2023-05-22 07:16:59', 'MOQ', '2023-05-22 10:16:59', 'AKD', 438.02, 0, 'arrived');
insert into flight (airline_name, flight_number, departure_date_time, departure_airport_code, arrival_date_time, arrival_airport_code, base_price, airplane_ID, status) values ('American Eagle Airlines', 117, '2022-07-29 10:25:01', 'AKD', '2022-07-29 15:25:01', 'ILO', 404.07, 5, 'arrived');
insert into flight (airline_name, flight_number, departure_date_time, departure_airport_code, arrival_date_time, arrival_airport_code, base_price, airplane_ID, status) values ('United', 59, '2021-01-13 00:53:28', 'YUJ', '2021-01-13 12:53:28', 'CIA', 573.75, 5, 'departed');
insert into flight (airline_name, flight_number, departure_date_time, departure_airport_code, arrival_date_time, arrival_airport_code, base_price, airplane_ID, status) values ('Delta Air Line', 175, '2022-04-23 12:21:57', 'YUJ', '2022-04-23 15:21:57', 'ILO', 325.67, 1, 'scheduled');
insert into flight (airline_name, flight_number, departure_date_time, departure_airport_code, arrival_date_time, arrival_airport_code, base_price, airplane_ID, status) values ('American Airlines', 50, '2021-08-11 11:38:33', 'YUJ', '2021-08-12 03:38:33', 'MKP', 128.14, 3, 'arrived');
insert into flight (airline_name, flight_number, departure_date_time, departure_airport_code, arrival_date_time, arrival_airport_code, base_price, airplane_ID, status) values ('Air Canada', 105, '2024-09-26 13:05:05', 'ALO', '2024-09-26 17:05:05', 'YPW', 659.46, 2, 'ontime');
insert into flight (airline_name, flight_number, departure_date_time, departure_airport_code, arrival_date_time, arrival_airport_code, base_price, airplane_ID, status) values ('Air France', 164, '2022-03-27 11:51:26', 'KPO', '2022-03-28 01:51:26', 'YPW', 255.59, 13, 'departed');
insert into flight (airline_name, flight_number, departure_date_time, departure_airport_code, arrival_date_time, arrival_airport_code, base_price, airplane_ID, status) values ('Alaska Airlines', 196, '2023-06-10 19:49:15', 'ILO', '2023-06-11 04:49:15', 'AIH', 500.78, 4, 'ontime');
insert into flight (airline_name, flight_number, departure_date_time, departure_airport_code, arrival_date_time, arrival_airport_code, base_price, airplane_ID, status) values ('Jet Blue', 75, '2022-11-21 02:43:31', 'DNG', '2022-11-21 08:43:31', 'LEJ', 697.54, 13, 'delayed');
insert into flight (airline_name, flight_number, departure_date_time, departure_airport_code, arrival_date_time, arrival_airport_code, base_price, airplane_ID, status) values ('British Airways', 159, '2020-05-03 10:03:50', 'KPO', '2020-05-03 20:03:50', 'AIH', 269.24, 7, 'ontime');
insert into flight (airline_name, flight_number, departure_date_time, departure_airport_code, arrival_date_time, arrival_airport_code, base_price, airplane_ID, status) values ('American Eagle Airlines', 106, '2020-11-25 03:38:51', 'ILO', '2020-11-25 14:38:51', 'DNG', 528.21, 8, 'scheduled');
insert into flight (airline_name, flight_number, departure_date_time, departure_airport_code, arrival_date_time, arrival_airport_code, base_price, airplane_ID, status) values ('Delta Air Line', 160, '2023-11-14 04:34:22', 'MOQ', '2023-11-14 14:34:22', 'YPW', 526.33, 7, 'departed');
insert into flight (airline_name, flight_number, departure_date_time, departure_airport_code, arrival_date_time, arrival_airport_code, base_price, airplane_ID, status) values ('Southwest', 167, '2022-01-01 13:27:31', 'YUJ', '2022-01-02 02:27:31', 'MOQ', 611.93, 5, 'delayed');
insert into flight (airline_name, flight_number, departure_date_time, departure_airport_code, arrival_date_time, arrival_airport_code, base_price, airplane_ID, status) values ('Air France', 130, '2022-06-12 08:51:51', 'HYA', '2022-06-12 09:51:51', 'KPO', 275.77, 12, 'arrived');
insert into flight (airline_name, flight_number, departure_date_time, departure_airport_code, arrival_date_time, arrival_airport_code, base_price, airplane_ID, status) values ('Air Canada', 195, '2024-01-24 06:26:05', 'HYA', '2024-01-24 16:26:05', 'FLG', 664.06, 8, 'ontime');
insert into flight (airline_name, flight_number, departure_date_time, departure_airport_code, arrival_date_time, arrival_airport_code, base_price, airplane_ID, status) values ('Southwest', 171, '2022-10-21 03:17:31', 'MKP', '2022-10-21 08:17:31', 'FLG', 446.90, 3, 'ontime');
insert into flight (airline_name, flight_number, departure_date_time, departure_airport_code, arrival_date_time, arrival_airport_code, base_price, airplane_ID, status) values ('Air France', 151, '2020-02-22 01:59:51', 'AKD', '2020-02-22 08:59:51', 'DAC', 557.64, 13, 'scheduled');
insert into flight (airline_name, flight_number, departure_date_time, departure_airport_code, arrival_date_time, arrival_airport_code, base_price, airplane_ID, status) values ('American Airlines', 135, '2022-05-17 11:42:49', 'YBC', '2022-05-17 16:42:49', 'MKP', 120.81, 1, 'departed');
insert into flight (airline_name, flight_number, departure_date_time, departure_airport_code, arrival_date_time, arrival_airport_code, base_price, airplane_ID, status) values ('American Airlines', 131, '2020-02-09 07:38:28', 'DAC', '2020-02-09 20:38:28', 'KPO', 288.54, 3, 'arrived');
insert into flight (airline_name, flight_number, departure_date_time, departure_airport_code, arrival_date_time, arrival_airport_code, base_price, airplane_ID, status) values ('American Airlines', 137, '2020-10-31 06:48:31', 'LEJ', '2020-10-31 17:48:31', 'ALO', 375.37, 1, 'scheduled');
insert into flight (airline_name, flight_number, departure_date_time, departure_airport_code, arrival_date_time, arrival_airport_code, base_price, airplane_ID, status) values ('United', 156, '2024-06-03 12:56:25', 'ALO', '2024-06-03 18:56:25', 'YBC', 462.83, 6, 'departed');
insert into flight (airline_name, flight_number, departure_date_time, departure_airport_code, arrival_date_time, arrival_airport_code, base_price, airplane_ID, status) values ('Delta Air Line', 128, '2021-05-20 13:20:31', 'AKD', '2021-05-20 21:20:31', 'LDZ', 251.57, 2, 'ontime');
insert into flight (airline_name, flight_number, departure_date_time, departure_airport_code, arrival_date_time, arrival_airport_code, base_price, airplane_ID, status) values ('Jet Blue', 121, '2022-05-24 14:55:55', 'HYA', '2022-05-25 08:55:55', 'ILO', 136.12, 3, 'scheduled');
insert into flight (airline_name, flight_number, departure_date_time, departure_airport_code, arrival_date_time, arrival_airport_code, base_price, airplane_ID, status) values ('Air France', 151, '2023-09-05 16:37:41', 'KPO', '2023-09-06 09:37:41', 'YBC', 502.76, 8, 'scheduled');
insert into flight (airline_name, flight_number, departure_date_time, departure_airport_code, arrival_date_time, arrival_airport_code, base_price, airplane_ID, status) values ('American Airlines', 149, '2021-11-01 17:05:02', 'CIA', '2021-11-02 03:05:02', 'LEJ', 656.58, 2, 'delayed');
insert into flight (airline_name, flight_number, departure_date_time, departure_airport_code, arrival_date_time, arrival_airport_code, base_price, airplane_ID, status) values ('Air Canada', 94, '2024-05-12 09:54:32', 'CIA', '2024-05-12 18:54:32', 'AIH', 524.85, 4, 'departed');
insert into flight (airline_name, flight_number, departure_date_time, departure_airport_code, arrival_date_time, arrival_airport_code, base_price, airplane_ID, status) values ('Jet Blue', 198, '2023-07-31 06:05:20', 'MOQ', '2023-07-31 15:05:20', 'LEJ', 271.18, 6, 'departed');
insert into flight (airline_name, flight_number, departure_date_time, departure_airport_code, arrival_date_time, arrival_airport_code, base_price, airplane_ID, status) values ('British Airways', 75, '2020-11-24 03:12:30', 'DAC', '2020-11-24 10:12:30', 'ALO', 493.01, 6, 'scheduled');
insert into flight (airline_name, flight_number, departure_date_time, departure_airport_code, arrival_date_time, arrival_airport_code, base_price, airplane_ID, status) values ('Jet Blue', 99, '2023-07-20 20:07:20', 'MOQ', '2023-07-21 14:07:20', 'ALO', 380.53, 11, 'arrived');
insert into flight (airline_name, flight_number, departure_date_time, departure_airport_code, arrival_date_time, arrival_airport_code, base_price, airplane_ID, status) values ('Air Canada', 139, '2023-01-31 10:33:24', 'DAC', '2023-02-01 02:33:24', 'KPO', 659.93, 5, 'delayed');
insert into flight (airline_name, flight_number, departure_date_time, departure_airport_code, arrival_date_time, arrival_airport_code, base_price, airplane_ID, status) values ('Jet Blue', 163, '2020-12-09 15:18:42', 'HYA', '2020-12-10 05:18:42', 'FLG', 309.71, 6, 'ontime');
insert into flight (airline_name, flight_number, departure_date_time, departure_airport_code, arrival_date_time, arrival_airport_code, base_price, airplane_ID, status) values ('Delta Air Line', 177, '2023-08-23 10:44:47', 'ILO', '2023-08-23 17:44:47', 'KPO', 550.68, 0, 'departed');
insert into flight (airline_name, flight_number, departure_date_time, departure_airport_code, arrival_date_time, arrival_airport_code, base_price, airplane_ID, status) values ('Southwest', 111, '2023-03-18 16:41:19', 'YPW', '2023-03-19 10:41:19', 'KPO', 111.50, 1, 'arrived');
insert into flight (airline_name, flight_number, departure_date_time, departure_airport_code, arrival_date_time, arrival_airport_code, base_price, airplane_ID, status) values ('Air France', 31, '2024-01-03 08:38:02', 'LEJ', '2024-01-03 16:38:02', 'AIH', 390.43, 11, 'ontime');
insert into flight (airline_name, flight_number, departure_date_time, departure_airport_code, arrival_date_time, arrival_airport_code, base_price, airplane_ID, status) values ('Air Canada', 101, '2023-10-26 13:41:18', 'XSP', '2023-10-27 00:41:18', 'HYA', 625.94, 5, 'scheduled');
insert into flight (airline_name, flight_number, departure_date_time, departure_airport_code, arrival_date_time, arrival_airport_code, base_price, airplane_ID, status) values ('American Eagle Airlines', 86, '2020-11-16 14:22:29', 'ALO', '2020-11-16 19:22:29', 'YUJ', 311.45, 4, 'departed');
insert into flight (airline_name, flight_number, departure_date_time, departure_airport_code, arrival_date_time, arrival_airport_code, base_price, airplane_ID, status) values ('Air France', 175, '2020-09-01 05:13:02', 'YUJ', '2020-09-01 08:13:02', 'DAC', 339.91, 6, 'delayed');
insert into flight (airline_name, flight_number, departure_date_time, departure_airport_code, arrival_date_time, arrival_airport_code, base_price, airplane_ID, status) values ('Alaska Airlines', 123, '2022-08-07 23:09:08', 'YUJ', '2022-08-08 16:09:08', 'SUR', 423.23, 1, 'departed');
insert into flight (airline_name, flight_number, departure_date_time, departure_airport_code, arrival_date_time, arrival_airport_code, base_price, airplane_ID, status) values ('British Airways', 97, '2023-05-06 14:55:55', 'ALO', '2023-05-07 05:55:55', 'ZGU', 455.91, 6, 'ontime');
insert into flight (airline_name, flight_number, departure_date_time, departure_airport_code, arrival_date_time, arrival_airport_code, base_price, airplane_ID, status) values ('Alaska Airlines', 65, '2023-10-04 10:48:40', 'KPO', '2023-10-05 03:48:40', 'DAC', 367.33, 2, 'departed');
insert into flight (airline_name, flight_number, departure_date_time, departure_airport_code, arrival_date_time, arrival_airport_code, base_price, airplane_ID, status) values ('British Airways', 138, '2023-07-09 03:19:54', 'AIH', '2023-07-09 04:19:54', 'LDZ', 51.61, 8, 'arrived');
insert into flight (airline_name, flight_number, departure_date_time, departure_airport_code, arrival_date_time, arrival_airport_code, base_price, airplane_ID, status) values ('Alaska Airlines', 41, '2022-12-23 15:49:41', 'SUR', '2022-12-24 02:49:41', 'XSP', 286.66, 1, 'scheduled');
insert into flight (airline_name, flight_number, departure_date_time, departure_airport_code, arrival_date_time, arrival_airport_code, base_price, airplane_ID, status) values ('Alaska Airlines', 84, '2020-09-28 09:45:10', 'MOQ', '2020-09-28 22:45:10', 'XSP', 240.71, 5, 'departed');
insert into flight (airline_name, flight_number, departure_date_time, departure_airport_code, arrival_date_time, arrival_airport_code, base_price, airplane_ID, status) values ('Southwest', 86, '2022-03-22 11:44:45', 'ILO', '2022-03-22 13:44:45', 'YPW', 657.11, 3, 'ontime');
insert into flight (airline_name, flight_number, departure_date_time, departure_airport_code, arrival_date_time, arrival_airport_code, base_price, airplane_ID, status) values ('British Airways', 163, '2020-03-23 21:03:08', 'DAC', '2020-03-24 15:03:08', 'YPW', 398.89, 1, 'departed');
insert into flight (airline_name, flight_number, departure_date_time, departure_airport_code, arrival_date_time, arrival_airport_code, base_price, airplane_ID, status) values ('American Airlines', 48, '2024-07-04 18:50:19', 'MOQ', '2024-07-05 12:50:19', 'DNG', 362.87, 1, 'departed');
insert into flight (airline_name, flight_number, departure_date_time, departure_airport_code, arrival_date_time, arrival_airport_code, base_price, airplane_ID, status) values ('United', 127, '2021-02-08 04:49:50', 'YUJ', '2021-02-08 06:49:50', 'ILO', 699.09, 1, 'arrived');
insert into flight (airline_name, flight_number, departure_date_time, departure_airport_code, arrival_date_time, arrival_airport_code, base_price, airplane_ID, status) values ('Jet Blue', 140, '2023-06-20 12:15:54', 'ILO', '2023-06-20 13:15:54', 'SUR', 207.89, 1, 'departed');
insert into flight (airline_name, flight_number, departure_date_time, departure_airport_code, arrival_date_time, arrival_airport_code, base_price, airplane_ID, status) values ('American Eagle Airlines', 118, '2023-06-01 11:10:36', 'FLG', '2023-06-02 01:10:36', 'ILO', 165.41, 7, 'scheduled');
insert into flight (airline_name, flight_number, departure_date_time, departure_airport_code, arrival_date_time, arrival_airport_code, base_price, airplane_ID, status) values ('Alaska Airlines', 74, '2024-10-14 17:02:03', 'MOQ', '2024-10-14 22:02:03', 'AIH', 527.18, 3, 'arrived');
insert into flight (airline_name, flight_number, departure_date_time, departure_airport_code, arrival_date_time, arrival_airport_code, base_price, airplane_ID, status) values ('Air France', 73, '2021-07-04 06:48:27', 'KPO', '2021-07-05 00:48:27', 'AKD', 139.44, 8, 'ontime');
insert into flight (airline_name, flight_number, departure_date_time, departure_airport_code, arrival_date_time, arrival_airport_code, base_price, airplane_ID, status) values ('American Eagle Airlines', 111, '2020-12-22 08:33:07', 'CIA', '2020-12-22 15:33:07', 'ALO', 61.59, 7, 'arrived');
insert into flight (airline_name, flight_number, departure_date_time, departure_airport_code, arrival_date_time, arrival_airport_code, base_price, airplane_ID, status) values ('Air France', 148, '2020-03-20 06:49:33', 'LDZ', '2020-03-20 12:49:33', 'LEJ', 679.61, 10, 'ontime');

insert into ticket (airline_name, flight_number, departure_date_time, first_name, last_name, date_of_birth, email, calculated_price, card_name, card_type, card_number, expiration_date, purchased_date_time) values ('Air France', 151, '2023-09-05 16:37:41', 'Bernadine', 'Danels', '1995-10-03', 'bdanelsn@tinyurl.com', 628.45, 'Bernadine' 'Danels', 'debit', 5671832622059830, '2024-07-26', '2021-12-06 09:06:22');
insert into ticket (airline_name, flight_number, departure_date_time, first_name, last_name, date_of_birth, email, calculated_price, card_name, card_type, card_number, expiration_date, purchased_date_time) values ('American Airlines', 44, '2021-06-16 00:15:18', 'Martyn', 'Poytheras', '1983-02-18', 'mpoytherasj@last.fm', 564.91, 'Martyn' 'Poytheras', 'credit', 3832719951157597, '2026-04-01', '2022-09-21 04:20:42');
insert into ticket (airline_name, flight_number, departure_date_time, first_name, last_name, date_of_birth, email, calculated_price, card_name, card_type, card_number, expiration_date, purchased_date_time) values ('British Airways', 123, '2021-03-15 07:42:11', 'Lucio', 'Hardbattle', '1983-01-26', 'lhardbattle2@hostgator.com', 110.01, 'Lucio' 'Hardbattle', 'debit', 6975666308753855, '2023-10-21', '2021-06-13 23:26:05');
insert into ticket (airline_name, flight_number, departure_date_time, first_name, last_name, date_of_birth, email, calculated_price, card_name, card_type, card_number, expiration_date, purchased_date_time) values ('American Airlines', 69, '2022-01-15 09:09:06', 'Gustie', 'Sheber', '1998-03-08', 'gshebers@deviantart.com', 243.59, 'Gustie' 'Sheber', 'debit', 8046851550038588, '2026-05-07', '2022-01-27 14:26:02');
insert into ticket (airline_name, flight_number, departure_date_time, first_name, last_name, date_of_birth, email, calculated_price, card_name, card_type, card_number, expiration_date, purchased_date_time) values ('Jet Blue', 105, '2021-08-20 06:20:05', 'Marylou', 'Baudts', '2007-09-01', 'mbaudts8@tuttocitta.it', 81.19, 'Marylou' 'Baudts', 'credit', 1065926880173750, '2024-02-09', '2021-10-13 05:21:00');
insert into ticket (airline_name, flight_number, departure_date_time, first_name, last_name, date_of_birth, email, calculated_price, card_name, card_type, card_number, expiration_date, purchased_date_time) values ('Southwest', 185, '2021-02-20 06:00:34', 'Tan', 'Gamil', '1973-08-19', 'tgamill@skyrock.com', 329.83, 'Tan' 'Gamil', 'debit', 8054990546093246, '2026-03-11', '2021-05-27 04:18:58');
insert into ticket (airline_name, flight_number, departure_date_time, first_name, last_name, date_of_birth, email, calculated_price, card_name, card_type, card_number, expiration_date, purchased_date_time) values ('Air Canada', 181, '2020-12-16 23:14:41', 'Ilyse', 'Donaldson', '2001-03-06', 'idonaldsong@businessweek.com', 652.39, 'Ilyse' 'Donaldson', 'credit', 2353006866644667, '2025-11-10', '2022-03-28 16:54:22');
insert into ticket (airline_name, flight_number, departure_date_time, first_name, last_name, date_of_birth, email, calculated_price, card_name, card_type, card_number, expiration_date, purchased_date_time) values ('Southwest', 84, '2022-11-04 01:24:50', 'Ilyse', 'Donaldson', '2001-03-06', 'idonaldsong@businessweek.com', 810.17, 'Ilyse' 'Donaldson', 'debit', 2297723743839836, '2024-10-19', '2021-05-11 14:47:58');
insert into ticket (airline_name, flight_number, departure_date_time, first_name, last_name, date_of_birth, email, calculated_price, card_name, card_type, card_number, expiration_date, purchased_date_time) values ('Southwest', 130, '2022-08-19 19:28:33', 'Ilyse', 'Donaldson', '2001-03-06', 'idonaldsong@businessweek.com', 486.57, 'Ilyse' 'Donaldson', 'debit', 5275462315650959, '2026-11-12', '2021-05-19 14:43:42');
insert into ticket (airline_name, flight_number, departure_date_time, first_name, last_name, date_of_birth, email, calculated_price, card_name, card_type, card_number, expiration_date, purchased_date_time) values ('American Eagle Airlines', 48, '2024-07-25 22:35:10', 'Elly', 'Brennand', '1992-12-08', 'ebrennandk@cornell.edu', 483.96, 'Elly' 'Brennand', 'credit', 3049391336966586, '2023-10-13', '2021-06-04 13:50:44');
insert into ticket (airline_name, flight_number, departure_date_time, first_name, last_name, date_of_birth, email, calculated_price, card_name, card_type, card_number, expiration_date, purchased_date_time) values ('British Airways', 159, '2020-05-03 10:03:50', 'Fairfax', 'Fuzzey', '1981-04-15', 'ffuzzeym@independent.co.uk', 336.55, 'Fairfax' 'Fuzzey', 'debit', 7455327663525905, '2026-07-01', '2022-08-27 14:07:40');
insert into ticket (airline_name, flight_number, departure_date_time, first_name, last_name, date_of_birth, email, calculated_price, card_name, card_type, card_number, expiration_date, purchased_date_time) values ('Southwest', 84, '2022-11-04 01:24:50', 'Jared', 'Lenoir', '1980-12-06', 'jlenoirq@msu.edu', 810.17, 'Jared' 'Lenoir', 'credit', 1360469994806368, '2023-06-29', '2021-11-16 23:34:58');
insert into ticket (airline_name, flight_number, departure_date_time, first_name, last_name, date_of_birth, email, calculated_price, card_name, card_type, card_number, expiration_date, purchased_date_time) values ('American Eagle Airlines', 82, '2022-08-16 19:19:35', 'Sherlocke', 'Coie', '2008-08-09', 'scoief@creativecommons.org', 498.90, 'Sherlocke' 'Coie', 'credit', 8710211728599519, '2025-10-15', '2022-04-04 14:40:41');
insert into ticket (airline_name, flight_number, departure_date_time, first_name, last_name, date_of_birth, email, calculated_price, card_name, card_type, card_number, expiration_date, purchased_date_time) values ('Air France', 164, '2022-03-27 11:51:26', 'Martyn', 'Poytheras', '1983-02-18', 'mpoytherasj@last.fm', 319.49, 'Martyn' 'Poytheras', 'debit', 9598763879874698, '2025-04-21', '2022-05-17 08:28:48');
insert into ticket (airline_name, flight_number, departure_date_time, first_name, last_name, date_of_birth, email, calculated_price, card_name, card_type, card_number, expiration_date, purchased_date_time) values ('Alaska Airlines', 74, '2024-10-14 17:02:03', 'Lucio', 'Hardbattle', '1983-01-26', 'lhardbattle2@hostgator.com', 658.97, 'Lucio' 'Hardbattle', 'debit', 1238214718346061, '2026-12-18', '2022-07-03 14:14:00');
insert into ticket (airline_name, flight_number, departure_date_time, first_name, last_name, date_of_birth, email, calculated_price, card_name, card_type, card_number, expiration_date, purchased_date_time) values ('British Airways', 177, '2022-09-03 09:37:52', 'Jared', 'Lenoir', '1980-12-06', 'jlenoirq@msu.edu', 132.40, 'Jared' 'Lenoir', 'credit', 3379631493432027, '2025-08-05', '2022-10-08 17:36:15');
insert into ticket (airline_name, flight_number, departure_date_time, first_name, last_name, date_of_birth, email, calculated_price, card_name, card_type, card_number, expiration_date, purchased_date_time) values ('British Airways', 83, '2022-01-10 22:34:34', 'Lucio', 'Hardbattle', '1983-01-26', 'lhardbattle2@hostgator.com', 115.28, 'Lucio' 'Hardbattle', 'credit', 5118872758255254, '2026-03-11', '2021-10-04 09:02:15');
insert into ticket (airline_name, flight_number, departure_date_time, first_name, last_name, date_of_birth, email, calculated_price, card_name, card_type, card_number, expiration_date, purchased_date_time) values ('Air France', 164, '2022-03-27 11:51:26', 'Phedra', 'Dupree', '1990-04-27', 'pdupreei@bbc.co.uk', 319.49, 'Phedra' 'Dupree', 'debit', 9598763879874698, '2025-04-21', '2022-05-17 08:28:48');
insert into ticket (airline_name, flight_number, departure_date_time, first_name, last_name, date_of_birth, email, calculated_price, card_name, card_type, card_number, expiration_date, purchased_date_time) values ('Jet Blue', 105, '2021-08-20 06:20:05', 'Bernadine', 'Danels', '1995-10-03', 'bdanelsn@tinyurl.com', 64.95, 'Bernadine' 'Danels', 'credit', 8710211728599519, '2025-10-15', '2022-04-04 14:40:41');
insert into ticket (airline_name, flight_number, departure_date_time, first_name, last_name, date_of_birth, email, calculated_price, card_name, card_type, card_number, expiration_date, purchased_date_time) values ('Air Canada', 94, '2024-05-12 09:54:32', 'Edithe', 'Roeby', '1982-10-26', 'eroebyr@soundcloud.com', 656.06, 'Edithe' 'Roeby', 'debit', 8797747827457518, '2026-06-01', '2021-12-05 21:06:43');
insert into ticket (airline_name, flight_number, departure_date_time, first_name, last_name, date_of_birth, email, calculated_price, card_name, card_type, card_number, expiration_date, purchased_date_time) values ('Air Canada', 105, '2024-09-26 13:05:05', 'Lucio', 'Hardbattle', '1983-01-26', 'lhardbattle2@hostgator.com', 659.46, 'Lucio' 'Hardbattle', 'credit', 8388581719432765, '2023-06-01', '2021-07-30 09:56:37');
insert into ticket (airline_name, flight_number, departure_date_time, first_name, last_name, date_of_birth, email, calculated_price, card_name, card_type, card_number, expiration_date, purchased_date_time) values ('Southwest', 147, '2020-01-22 18:42:19', 'Robenia', 'Duiged', '1980-05-23', 'rduigedp@barnesandnoble.com', 684.76, 'Robenia' 'Duiged', 'debit', 8756255427440761, '2026-06-06', '2021-08-19 18:16:12');
insert into ticket (airline_name, flight_number, departure_date_time, first_name, last_name, date_of_birth, email, calculated_price, card_name, card_type, card_number, expiration_date, purchased_date_time) values ('American Eagle Airlines', 82, '2022-08-16 19:19:35', 'Cobbie', 'Myrick', '2009-11-20', 'cmyricke@zimbio.com', 399.12, 'Cobbie' 'Myrick', 'debit', 9899446442689428, '2025-05-13', '2022-01-29 03:07:58');
insert into ticket (airline_name, flight_number, departure_date_time, first_name, last_name, date_of_birth, email, calculated_price, card_name, card_type, card_number, expiration_date, purchased_date_time) values ('American Eagle Airlines', 106, '2020-11-25 03:38:51', 'Phedra', 'Dupree', '1990-04-27', 'pdupreei@bbc.co.uk', 660.26, 'Phedra' 'Dupree', 'debit', 1137254489988891, '2024-06-03', '2021-11-02 01:49:29');
insert into ticket (airline_name, flight_number, departure_date_time, first_name, last_name, date_of_birth, email, calculated_price, card_name, card_type, card_number, expiration_date, purchased_date_time) values ('United', 127, '2021-02-08 04:49:50', 'Sunny', 'Blake', '1999-09-27', 'sblakec@printfriendly.com', 873.86, 'Sunny' 'Blake', 'credit', 9375934221229857, '2025-05-23', '2022-10-24 19:42:16');
insert into ticket (airline_name, flight_number, departure_date_time, first_name, last_name, date_of_birth, email, calculated_price, card_name, card_type, card_number, expiration_date, purchased_date_time) values ('American Airlines', 137, '2020-10-31 06:48:31', 'Lucio', 'Hardbattle', '1983-01-26', 'lhardbattle2@hostgator.com', 469.21, 'Lucio' 'Hardbattle', 'credit', 4935897160969678, '2024-01-21', '2022-10-07 13:24:57');
insert into ticket (airline_name, flight_number, departure_date_time, first_name, last_name, date_of_birth, email, calculated_price, card_name, card_type, card_number, expiration_date, purchased_date_time) values ('Alaska Airlines', 74, '2024-10-14 17:02:03', 'Cobbie', 'Myrick', '2009-11-20', 'cmyricke@zimbio.com', 658.97, 'Cobbie' 'Myrick', 'credit', 4137540023630958, '2024-02-01', '2022-02-01 07:07:20');
insert into ticket (airline_name, flight_number, departure_date_time, first_name, last_name, date_of_birth, email, calculated_price, card_name, card_type, card_number, expiration_date, purchased_date_time) values ('Air Canada', 105, '2024-09-26 13:05:05', 'Christina', 'Thurlby', '1982-12-24', 'cthurlbyh@smugmug.com', 824.33, 'Christina' 'Thurlby', 'debit', 6355725446444640, '2024-09-22', '2022-09-21 09:07:39');
insert into ticket (airline_name, flight_number, departure_date_time, first_name, last_name, date_of_birth, email, calculated_price, card_name, card_type, card_number, expiration_date, purchased_date_time) values ('Delta Air Line', 175, '2022-04-23 12:21:57', 'Robenia', 'Duiged', '1980-05-23', 'rduigedp@barnesandnoble.com', 325.67, 'Robenia' 'Duiged', 'debit', 7763047511887903, '2024-06-16', '2021-11-15 20:24:04');
insert into ticket (airline_name, flight_number, departure_date_time, first_name, last_name, date_of_birth, email, calculated_price, card_name, card_type, card_number, expiration_date, purchased_date_time) values ('American Eagle Airlines', 82, '2022-08-16 19:19:35', 'Bryana', 'Buffery', '1976-11-05', 'bbuffery6@mozilla.org', 399.12, 'Bryana' 'Buffery', 'credit', 9508819645728727, '2025-10-25', '2021-05-01 23:02:48');
insert into ticket (airline_name, flight_number, departure_date_time, first_name, last_name, date_of_birth, email, calculated_price, card_name, card_type, card_number, expiration_date, purchased_date_time) values ('Jet Blue', 75, '2022-11-21 02:43:31', 'Bryana', 'Buffery', '1976-11-05', 'bbuffery6@mozilla.org', 697.54, 'Bryana' 'Buffery', 'debit', 7076933871486700, '2023-09-13', '2022-05-26 22:05:58');
insert into ticket (airline_name, flight_number, departure_date_time, first_name, last_name, date_of_birth, email, calculated_price, card_name, card_type, card_number, expiration_date, purchased_date_time) values ('Southwest', 73, '2022-11-13 14:44:40', 'Ilyse', 'Donaldson', '2001-03-06', 'idonaldsong@businessweek.com', 485.97, 'Ilyse' 'Donaldson', 'credit', 3379631493432027, '2025-08-05', '2022-10-08 17:36:15');
insert into ticket (airline_name, flight_number, departure_date_time, first_name, last_name, date_of_birth, email, calculated_price, card_name, card_type, card_number, expiration_date, purchased_date_time) values ('British Airways', 123, '2021-03-15 07:42:11', 'Alex', 'McCormick', '1973-03-02', 'amccormick4@ox.ac.uk', 110.01, 'Alex' 'McCormick', 'credit', 2545395505139996, '2024-02-27', '2022-06-15 05:07:49');
insert into ticket (airline_name, flight_number, departure_date_time, first_name, last_name, date_of_birth, email, calculated_price, card_name, card_type, card_number, expiration_date, purchased_date_time) values ('American Eagle Airlines', 48, '2024-07-25 22:35:10', 'Cilka', 'Cattonnet', '1982-08-07', 'ccattonnet5@admin.ch', 483.96, 'Cilka' 'Cattonnet', 'debit', 9548704344271828, '2024-01-17', '2022-03-23 03:49:40');
insert into ticket (airline_name, flight_number, departure_date_time, first_name, last_name, date_of_birth, email, calculated_price, card_name, card_type, card_number, expiration_date, purchased_date_time) values ('Air France', 164, '2022-03-27 11:51:26', 'Cilka', 'Cattonnet', '1982-08-07', 'ccattonnet5@admin.ch', 319.49, 'Cilka' 'Cattonnet', 'debit', 4697387684431864, '2023-11-16', '2022-05-08 13:25:56');
insert into ticket (airline_name, flight_number, departure_date_time, first_name, last_name, date_of_birth, email, calculated_price, card_name, card_type, card_number, expiration_date, purchased_date_time) values ('Delta Air Line', 128, '2021-05-20 13:20:31', 'Bernadine', 'Danels', '1995-10-03', 'bdanelsn@tinyurl.com', 251.57, 'Bernadine' 'Danels', 'debit', 1485378656961233, '2024-03-27', '2021-12-07 02:42:41');
insert into ticket (airline_name, flight_number, departure_date_time, first_name, last_name, date_of_birth, email, calculated_price, card_name, card_type, card_number, expiration_date, purchased_date_time) values ('Jet Blue', 140, '2023-06-20 12:15:54', 'Jarrad', 'Bomb', '1997-10-16', 'jbomb9@adobe.com', 259.86, 'Jarrad' 'Bomb', 'debit', 6445903028948029, '2025-12-05', '2022-07-21 06:32:32');
insert into ticket (airline_name, flight_number, departure_date_time, first_name, last_name, date_of_birth, email, calculated_price, card_name, card_type, card_number, expiration_date, purchased_date_time) values ('American Eagle Airlines', 111, '2020-12-22 08:33:07', 'Phedra', 'Dupree', '1990-04-27', 'pdupreei@bbc.co.uk', 76.99, 'Phedra' 'Dupree', 'debit', 3798187055703985, '2026-10-29', '2021-08-30 13:16:11');
insert into ticket (airline_name, flight_number, departure_date_time, first_name, last_name, date_of_birth, email, calculated_price, card_name, card_type, card_number, expiration_date, purchased_date_time) values ('American Airlines', 78, '2023-06-16 13:02:29', 'Phedra', 'Dupree', '1990-04-27', 'pdupreei@bbc.co.uk', 153.90, 'Phedra' 'Dupree', 'debit', 7820222339574078, '2023-05-20', '2022-08-05 04:46:16');
insert into ticket (airline_name, flight_number, departure_date_time, first_name, last_name, date_of_birth, email, calculated_price, card_name, card_type, card_number, expiration_date, purchased_date_time) values ('Southwest', 174, '2021-06-02 07:47:12', 'Sherlocke', 'Coie', '2008-08-09', 'scoief@creativecommons.org', 172.71, 'Sherlocke' 'Coie', 'debit', 9899446442689428, '2025-05-13', '2022-01-29 03:07:58');
insert into ticket (airline_name, flight_number, departure_date_time, first_name, last_name, date_of_birth, email, calculated_price, card_name, card_type, card_number, expiration_date, purchased_date_time) values ('British Airways', 123, '2021-03-15 07:42:11', 'Cobbie', 'Myrick', '2009-11-20', 'cmyricke@zimbio.com', 110.01, 'Cobbie' 'Myrick', 'credit', 8199524794792936, '2024-07-28', '2021-08-21 16:51:16');
insert into ticket (airline_name, flight_number, departure_date_time, first_name, last_name, date_of_birth, email, calculated_price, card_name, card_type, card_number, expiration_date, purchased_date_time) values ('Delta Air Line', 61, '2020-12-20 03:14:06', 'Alex', 'McCormick', '1973-03-02', 'amccormick4@ox.ac.uk', 536.06, 'Alex' 'McCormick', 'credit', 6238282202519057, '2025-04-24', '2021-05-31 14:03:13');
insert into ticket (airline_name, flight_number, departure_date_time, first_name, last_name, date_of_birth, email, calculated_price, card_name, card_type, card_number, expiration_date, purchased_date_time) values ('Jet Blue', 140, '2023-06-20 12:15:54', 'Virginie', 'Klemt', '2009-11-08', 'vklemt0@prlog.org', 259.86, 'Virginie' 'Klemt', 'credit', 4712323914553103, '2023-09-08', '2021-05-11 04:49:52');
insert into ticket (airline_name, flight_number, departure_date_time, first_name, last_name, date_of_birth, email, calculated_price, card_name, card_type, card_number, expiration_date, purchased_date_time) values ('Air France', 151, '2020-02-22 01:59:51', 'Gustie', 'Sheber', '1998-03-08', 'gshebers@deviantart.com', 697.05, 'Gustie' 'Sheber', 'debit', 6297318757141030, '2024-06-19', '2021-11-05 13:27:17');
insert into ticket (airline_name, flight_number, departure_date_time, first_name, last_name, date_of_birth, email, calculated_price, card_name, card_type, card_number, expiration_date, purchased_date_time) values ('United', 127, '2021-02-08 04:49:50', 'Sunny', 'Blake', '1999-09-27', 'sblakec@printfriendly.com', 873.86, 'Sunny' 'Blake', 'credit', 1012509750480035, '2024-03-22', '2022-09-16 20:27:47');
insert into ticket (airline_name, flight_number, departure_date_time, first_name, last_name, date_of_birth, email, calculated_price, card_name, card_type, card_number, expiration_date, purchased_date_time) values ('United', 138, '2024-05-06 08:09:49', 'Bryana', 'Buffery', '1976-11-05', 'bbuffery6@mozilla.org', 267.07, 'Bryana' 'Buffery', 'credit', 8696869509110252, '2023-07-26', '2021-11-18 17:18:58');
insert into ticket (airline_name, flight_number, departure_date_time, first_name, last_name, date_of_birth, email, calculated_price, card_name, card_type, card_number, expiration_date, purchased_date_time) values ('Air Canada', 195, '2024-01-24 06:26:05', 'Gustie', 'Sheber', '1998-03-08', 'gshebers@deviantart.com', 830.07, 'Gustie' 'Sheber', 'credit', 4935897160969678, '2024-01-21', '2022-10-07 13:24:57');
insert into ticket (airline_name, flight_number, departure_date_time, first_name, last_name, date_of_birth, email, calculated_price, card_name, card_type, card_number, expiration_date, purchased_date_time) values ('Alaska Airlines', 125, '2021-07-17 22:02:59', 'Alex', 'McCormick', '1973-03-02', 'amccormick4@ox.ac.uk', 623.49, 'Alex' 'McCormick', 'credit', 7175828647810148, '2026-04-26', '2022-07-20 12:42:50');
insert into ticket (airline_name, flight_number, departure_date_time, first_name, last_name, date_of_birth, email, calculated_price, card_name, card_type, card_number, expiration_date, purchased_date_time) values ('American Airlines', 149, '2021-11-01 17:05:02', 'Tan', 'Gamil', '1973-08-19', 'tgamill@skyrock.com', 820.73, 'Tan' 'Gamil', 'debit', 6758885101205842, '2025-09-04', '2022-04-06 01:10:41');
insert into ticket (airline_name, flight_number, departure_date_time, first_name, last_name, date_of_birth, email, calculated_price, card_name, card_type, card_number, expiration_date, purchased_date_time) values ('Delta Air Line', 175, '2022-04-23 12:21:57', 'Tan', 'Gamil', '1973-08-19', 'tgamill@skyrock.com', 325.67, 'Tan' 'Gamil', 'credit', 4612985174048187, '2026-04-25', '2021-08-06 21:06:35');
insert into ticket (airline_name, flight_number, departure_date_time, first_name, last_name, date_of_birth, email, calculated_price, card_name, card_type, card_number, expiration_date, purchased_date_time) values ('Air France', 151, '2023-09-05 16:37:41', 'Bernadine', 'Danels', '1995-10-03', 'bdanelsn@tinyurl.com', 628.45, 'Bernadine' 'Danels', 'credit', 4930000666682735, '2024-07-23', '2022-02-07 14:20:22');
insert into ticket (airline_name, flight_number, departure_date_time, first_name, last_name, date_of_birth, email, calculated_price, card_name, card_type, card_number, expiration_date, purchased_date_time) values ('Jet Blue', 198, '2023-07-31 06:05:20', 'Sunny', 'Blake', '1999-09-27', 'sblakec@printfriendly.com', 338.98, 'Sunny' 'Blake', 'credit', 4712323914553103, '2023-09-08', '2021-05-11 04:49:52');
insert into ticket (airline_name, flight_number, departure_date_time, first_name, last_name, date_of_birth, email, calculated_price, card_name, card_type, card_number, expiration_date, purchased_date_time) values ('British Airways', 138, '2023-07-09 03:19:54', 'Cilka', 'Cattonnet', '1982-08-07', 'ccattonnet5@admin.ch', 64.51, 'Cilka' 'Cattonnet', 'credit', 7622888134932103, '2024-09-13', '2022-01-14 06:56:45');
insert into ticket (airline_name, flight_number, departure_date_time, first_name, last_name, date_of_birth, email, calculated_price, card_name, card_type, card_number, expiration_date, purchased_date_time) values ('American Airlines', 48, '2024-07-04 18:50:19', 'Sherlocke', 'Coie', '2008-08-09', 'scoief@creativecommons.org', 453.59, 'Sherlocke' 'Coie', 'debit', 5322020179427049, '2026-05-27', '2021-11-21 17:33:31');
insert into ticket (airline_name, flight_number, departure_date_time, first_name, last_name, date_of_birth, email, calculated_price, card_name, card_type, card_number, expiration_date, purchased_date_time) values ('Air France', 164, '2022-03-27 11:51:26', 'Archibold', 'Daveran', '1988-11-07', 'adaveran1@auda.org.au', 319.49, 'Archibold' 'Daveran', 'debit', 5033362320089395, '2026-11-07', '2022-06-02 15:28:37');
insert into ticket (airline_name, flight_number, departure_date_time, first_name, last_name, date_of_birth, email, calculated_price, card_name, card_type, card_number, expiration_date, purchased_date_time) values ('Alaska Airlines', 196, '2023-06-10 19:49:15', 'Christina', 'Thurlby', '1982-12-24', 'cthurlbyh@smugmug.com', 625.97, 'Christina' 'Thurlby', 'credit', 4712323914553103, '2023-09-08', '2021-05-11 04:49:52');
insert into ticket (airline_name, flight_number, departure_date_time, first_name, last_name, date_of_birth, email, calculated_price, card_name, card_type, card_number, expiration_date, purchased_date_time) values ('Air France', 31, '2024-01-03 08:38:02', 'Robenia', 'Duiged', '1980-05-23', 'rduigedp@barnesandnoble.com', 488.04, 'Robenia' 'Duiged', 'credit', 5554383125824331, '2026-04-24', '2021-09-08 23:48:16');
insert into ticket (airline_name, flight_number, departure_date_time, first_name, last_name, date_of_birth, email, calculated_price, card_name, card_type, card_number, expiration_date, purchased_date_time) values ('Alaska Airlines', 103, '2022-09-20 01:04:06', 'Rolando', 'Ion', '1997-11-05', 'rionb@discuz.net', 604.17, 'Rolando' 'Ion', 'credit', 2612561685894813, '2025-08-01', '2021-07-20 06:42:52');
insert into ticket (airline_name, flight_number, departure_date_time, first_name, last_name, date_of_birth, email, calculated_price, card_name, card_type, card_number, expiration_date, purchased_date_time) values ('United', 113, '2023-12-01 08:57:08', 'Ilyse', 'Donaldson', '2001-03-06', 'idonaldsong@businessweek.com', 416.65, 'Ilyse' 'Donaldson', 'credit', 4357150719135653, '2025-10-26', '2021-06-19 00:11:52');
insert into ticket (airline_name, flight_number, departure_date_time, first_name, last_name, date_of_birth, email, calculated_price, card_name, card_type, card_number, expiration_date, purchased_date_time) values ('American Airlines', 50, '2021-08-11 11:38:33', 'Jared', 'Lenoir', '1980-12-06', 'jlenoirq@msu.edu', 128.14, 'Jared' 'Lenoir', 'credit', 5458881202436334, '2024-02-27', '2022-08-08 15:48:49');
insert into ticket (airline_name, flight_number, departure_date_time, first_name, last_name, date_of_birth, email, calculated_price, card_name, card_type, card_number, expiration_date, purchased_date_time) values ('United', 59, '2021-01-13 00:53:28', 'Lucio', 'Hardbattle', '1983-01-26', 'lhardbattle2@hostgator.com', 717.19, 'Lucio' 'Hardbattle', 'credit', 6355667293039554, '2025-09-18', '2021-09-15 03:19:31');
insert into ticket (airline_name, flight_number, departure_date_time, first_name, last_name, date_of_birth, email, calculated_price, card_name, card_type, card_number, expiration_date, purchased_date_time) values ('Delta Air Line', 128, '2021-05-20 13:20:31', 'Cilka', 'Cattonnet', '1982-08-07', 'ccattonnet5@admin.ch', 314.46, 'Cilka' 'Cattonnet', 'credit', 9258119744841216, '2024-08-19', '2021-06-08 15:03:08');
insert into ticket (airline_name, flight_number, departure_date_time, first_name, last_name, date_of_birth, email, calculated_price, card_name, card_type, card_number, expiration_date, purchased_date_time) values ('Alaska Airlines', 65, '2023-10-04 10:48:40', 'Alex', 'McCormick', '1973-03-02', 'amccormick4@ox.ac.uk', 459.16, 'Alex' 'McCormick', 'credit', 6238282202519057, '2025-04-24', '2021-05-31 14:03:13');
insert into ticket (airline_name, flight_number, departure_date_time, first_name, last_name, date_of_birth, email, calculated_price, card_name, card_type, card_number, expiration_date, purchased_date_time) values ('Air Canada', 195, '2024-01-24 06:26:05', 'Rolando', 'Ion', '1997-11-05', 'rionb@discuz.net', 830.07, 'Rolando' 'Ion', 'credit', 4712323914553103, '2023-09-08', '2021-05-11 04:49:52');
insert into ticket (airline_name, flight_number, departure_date_time, first_name, last_name, date_of_birth, email, calculated_price, card_name, card_type, card_number, expiration_date, purchased_date_time) values ('American Eagle Airlines', 100, '2023-12-05 01:36:03', 'Gustie', 'Sheber', '1998-03-08', 'gshebers@deviantart.com', 110.80, 'Gustie' 'Sheber', 'debit', 4932885621784245, '2024-12-27', '2022-07-31 19:21:02');
insert into ticket (airline_name, flight_number, departure_date_time, first_name, last_name, date_of_birth, email, calculated_price, card_name, card_type, card_number, expiration_date, purchased_date_time) values ('Air France', 151, '2020-02-22 01:59:51', 'Sherlocke', 'Coie', '2008-08-09', 'scoief@creativecommons.org', 697.05, 'Sherlocke' 'Coie', 'credit', 8710211728599519, '2025-10-15', '2022-04-04 14:40:41');
insert into ticket (airline_name, flight_number, departure_date_time, first_name, last_name, date_of_birth, email, calculated_price, card_name, card_type, card_number, expiration_date, purchased_date_time) values ('American Eagle Airlines', 82, '2022-08-16 19:19:35', 'Virginie', 'Klemt', '2009-11-08', 'vklemt0@prlog.org', 498.90, 'Virginie' 'Klemt', 'debit', 7947932421377104, '2025-07-25', '2022-05-20 16:58:54');
insert into ticket (airline_name, flight_number, departure_date_time, first_name, last_name, date_of_birth, email, calculated_price, card_name, card_type, card_number, expiration_date, purchased_date_time) values ('American Eagle Airlines', 82, '2022-08-16 19:19:35', 'Sherlocke', 'Coie', '2008-08-09', 'scoief@creativecommons.org', 498.90, 'Sherlocke' 'Coie', 'credit', 7270516361366776, '2026-01-16', '2021-06-26 15:16:27');
insert into ticket (airline_name, flight_number, departure_date_time, first_name, last_name, date_of_birth, email, calculated_price, card_name, card_type, card_number, expiration_date, purchased_date_time) values ('Air France', 151, '2023-09-05 16:37:41', 'Kathlin', 'Sheehan', '1972-12-10', 'ksheehan3@typepad.com', 628.45, 'Kathlin' 'Sheehan', 'credit', 8421639295090895, '2025-01-30', '2022-02-17 15:19:03');
insert into ticket (airline_name, flight_number, departure_date_time, first_name, last_name, date_of_birth, email, calculated_price, card_name, card_type, card_number, expiration_date, purchased_date_time) values ('Southwest', 111, '2023-03-18 16:41:19', 'Martyn', 'Poytheras', '1983-02-18', 'mpoytherasj@last.fm', 139.38, 'Martyn' 'Poytheras', 'credit', 2353006866644667, '2025-11-10', '2022-03-28 16:54:22');
insert into ticket (airline_name, flight_number, departure_date_time, first_name, last_name, date_of_birth, email, calculated_price, card_name, card_type, card_number, expiration_date, purchased_date_time) values ('American Airlines', 169, '2020-01-05 01:11:08', 'Cobbie', 'Myrick', '2009-11-20', 'cmyricke@zimbio.com', 263.68, 'Cobbie' 'Myrick', 'credit', 4706043475962869, '2026-03-13', '2022-12-02 23:45:05');
insert into ticket (airline_name, flight_number, departure_date_time, first_name, last_name, date_of_birth, email, calculated_price, card_name, card_type, card_number, expiration_date, purchased_date_time) values ('American Eagle Airlines', 118, '2023-06-01 11:10:36', 'Christina', 'Thurlby', '1982-12-24', 'cthurlbyh@smugmug.com', 206.76, 'Christina' 'Thurlby', 'debit', 4029665056989196, '2025-11-14', '2021-12-19 19:55:44');
insert into ticket (airline_name, flight_number, departure_date_time, first_name, last_name, date_of_birth, email, calculated_price, card_name, card_type, card_number, expiration_date, purchased_date_time) values ('American Eagle Airlines', 86, '2020-11-16 14:22:29', 'Fairfax', 'Fuzzey', '1981-04-15', 'ffuzzeym@independent.co.uk', 389.31, 'Fairfax' 'Fuzzey', 'credit', 5998909044600395, '2024-04-12', '2022-09-09 08:46:10');
insert into ticket (airline_name, flight_number, departure_date_time, first_name, last_name, date_of_birth, email, calculated_price, card_name, card_type, card_number, expiration_date, purchased_date_time) values ('Southwest', 174, '2021-06-02 07:47:12', 'Christina', 'Thurlby', '1982-12-24', 'cthurlbyh@smugmug.com', 172.71, 'Christina' 'Thurlby', 'credit', 5373871137182236, '2026-12-27', '2021-11-03 21:40:29');
insert into ticket (airline_name, flight_number, departure_date_time, first_name, last_name, date_of_birth, email, calculated_price, card_name, card_type, card_number, expiration_date, purchased_date_time) values ('Air Canada', 116, '2020-04-12 22:45:18', 'Lucio', 'Hardbattle', '1983-01-26', 'lhardbattle2@hostgator.com', 683.62, 'Lucio' 'Hardbattle', 'debit', 7527187234155519, '2024-12-16', '2021-12-17 02:04:03');
insert into ticket (airline_name, flight_number, departure_date_time, first_name, last_name, date_of_birth, email, calculated_price, card_name, card_type, card_number, expiration_date, purchased_date_time) values ('Air France', 73, '2021-07-04 06:48:27', 'Robenia', 'Duiged', '1980-05-23', 'rduigedp@barnesandnoble.com', 174.30, 'Robenia' 'Duiged', 'debit', 2921930211164524, '2026-08-28', '2021-09-21 12:39:21');
insert into ticket (airline_name, flight_number, departure_date_time, first_name, last_name, date_of_birth, email, calculated_price, card_name, card_type, card_number, expiration_date, purchased_date_time) values ('American Eagle Airlines', 106, '2020-11-25 03:38:51', 'Marylou', 'Baudts', '2007-09-01', 'mbaudts8@tuttocitta.it', 660.26, 'Marylou' 'Baudts', 'debit', 8673668502638346, '2025-05-11', '2022-12-05 14:01:09');
insert into ticket (airline_name, flight_number, departure_date_time, first_name, last_name, date_of_birth, email, calculated_price, card_name, card_type, card_number, expiration_date, purchased_date_time) values ('Jet Blue', 121, '2022-05-24 14:55:55', 'Christina', 'Thurlby', '1982-12-24', 'cthurlbyh@smugmug.com', 170.15, 'Christina' 'Thurlby', 'debit', 5786971611248433, '2024-07-04', '2021-09-09 07:53:14');
insert into ticket (airline_name, flight_number, departure_date_time, first_name, last_name, date_of_birth, email, calculated_price, card_name, card_type, card_number, expiration_date, purchased_date_time) values ('Air Canada', 195, '2024-01-24 06:26:05', 'Ilyse', 'Donaldson', '2001-03-06', 'idonaldsong@businessweek.com', 830.07, 'Ilyse' 'Donaldson', 'credit', 3063875718530651, '2023-06-22', '2022-09-17 22:01:30');
insert into ticket (airline_name, flight_number, departure_date_time, first_name, last_name, date_of_birth, email, calculated_price, card_name, card_type, card_number, expiration_date, purchased_date_time) values ('Air Canada', 101, '2023-10-26 13:41:18', 'Gustie', 'Sheber', '1998-03-08', 'gshebers@deviantart.com', 625.94, 'Gustie' 'Sheber', 'credit', 7060224178590334, '2025-02-26', '2022-04-11 11:24:55');
insert into ticket (airline_name, flight_number, departure_date_time, first_name, last_name, date_of_birth, email, calculated_price, card_name, card_type, card_number, expiration_date, purchased_date_time) values ('Air Canada', 94, '2024-05-12 09:54:32', 'Robenia', 'Duiged', '1980-05-23', 'rduigedp@barnesandnoble.com', 656.06, 'Robenia' 'Duiged', 'credit', 3063875718530651, '2023-06-22', '2022-09-17 22:01:30');
insert into ticket (airline_name, flight_number, departure_date_time, first_name, last_name, date_of_birth, email, calculated_price, card_name, card_type, card_number, expiration_date, purchased_date_time) values ('Alaska Airlines', 125, '2021-07-17 22:02:59', 'Fairfax', 'Fuzzey', '1981-04-15', 'ffuzzeym@independent.co.uk', 498.79, 'Fairfax' 'Fuzzey', 'credit', 4254948974138025, '2025-10-09', '2021-11-24 14:25:25');
insert into ticket (airline_name, flight_number, departure_date_time, first_name, last_name, date_of_birth, email, calculated_price, card_name, card_type, card_number, expiration_date, purchased_date_time) values ('Air France', 151, '2023-09-05 16:37:41', 'Tan', 'Gamil', '1973-08-19', 'tgamill@skyrock.com', 628.45, 'Tan' 'Gamil', 'debit', 6073201386997394, '2024-05-08', '2022-03-24 00:42:52');
insert into ticket (airline_name, flight_number, departure_date_time, first_name, last_name, date_of_birth, email, calculated_price, card_name, card_type, card_number, expiration_date, purchased_date_time) values ('British Airways', 75, '2020-11-24 03:12:30', 'Phedra', 'Dupree', '1990-04-27', 'pdupreei@bbc.co.uk', 616.26, 'Phedra' 'Dupree', 'credit', 7383608611614133, '2024-07-06', '2021-09-25 16:16:19');
insert into ticket (airline_name, flight_number, departure_date_time, first_name, last_name, date_of_birth, email, calculated_price, card_name, card_type, card_number, expiration_date, purchased_date_time) values ('Delta Air Line', 124, '2021-03-26 19:44:47', 'Ilyse', 'Donaldson', '2001-03-06', 'idonaldsong@businessweek.com', 821.89, 'Ilyse' 'Donaldson', 'credit', 8199524794792936, '2024-07-28', '2021-08-21 16:51:16');
insert into ticket (airline_name, flight_number, departure_date_time, first_name, last_name, date_of_birth, email, calculated_price, card_name, card_type, card_number, expiration_date, purchased_date_time) values ('British Airways', 159, '2020-05-03 10:03:50', 'Rolando', 'Ion', '1997-11-05', 'rionb@discuz.net', 336.55, 'Rolando' 'Ion', 'credit', 9375934221229857, '2025-05-23', '2022-10-24 19:42:16');
insert into ticket (airline_name, flight_number, departure_date_time, first_name, last_name, date_of_birth, email, calculated_price, card_name, card_type, card_number, expiration_date, purchased_date_time) values ('American Airlines', 169, '2020-01-05 01:11:08', 'Delora', 'Nisard', '2008-12-09', 'dnisarda@chicagotribune.com', 210.94, 'Delora' 'Nisard', 'credit', 2812533542703446, '2025-04-28', '2021-12-25 14:28:49');
insert into ticket (airline_name, flight_number, departure_date_time, first_name, last_name, date_of_birth, email, calculated_price, card_name, card_type, card_number, expiration_date, purchased_date_time) values ('American Eagle Airlines', 111, '2020-12-22 08:33:07', 'Bryana', 'Buffery', '1976-11-05', 'bbuffery6@mozilla.org', 61.59, 'Bryana' 'Buffery', 'credit', 5554383125824331, '2026-04-24', '2021-09-08 23:48:16');
insert into ticket (airline_name, flight_number, departure_date_time, first_name, last_name, date_of_birth, email, calculated_price, card_name, card_type, card_number, expiration_date, purchased_date_time) values ('American Eagle Airlines', 162, '2023-09-15 11:44:33', 'Ilyse', 'Donaldson', '2001-03-06', 'idonaldsong@businessweek.com', 69.79, 'Ilyse' 'Donaldson', 'credit', 2408412664994916, '2026-07-10', '2021-10-26 09:55:24');
insert into ticket (airline_name, flight_number, departure_date_time, first_name, last_name, date_of_birth, email, calculated_price, card_name, card_type, card_number, expiration_date, purchased_date_time) values ('Alaska Airlines', 125, '2021-07-17 22:02:59', 'Ilyse', 'Donaldson', '2001-03-06', 'idonaldsong@businessweek.com', 623.49, 'Ilyse' 'Donaldson', 'debit', 9135665721898102, '2023-11-09', '2021-10-26 15:45:51');
insert into ticket (airline_name, flight_number, departure_date_time, first_name, last_name, date_of_birth, email, calculated_price, card_name, card_type, card_number, expiration_date, purchased_date_time) values ('American Eagle Airlines', 106, '2020-11-25 03:38:51', 'Cobbie', 'Myrick', '2009-11-20', 'cmyricke@zimbio.com', 528.21, 'Cobbie' 'Myrick', 'debit', 2596680938774624, '2023-08-28', '2022-04-04 16:44:00');
insert into ticket (airline_name, flight_number, departure_date_time, first_name, last_name, date_of_birth, email, calculated_price, card_name, card_type, card_number, expiration_date, purchased_date_time) values ('Alaska Airlines', 125, '2021-07-17 22:02:59', 'Jarrad', 'Bomb', '1997-10-16', 'jbomb9@adobe.com', 623.49, 'Jarrad' 'Bomb', 'credit', 8199524794792936, '2024-07-28', '2021-08-21 16:51:16');
insert into ticket (airline_name, flight_number, departure_date_time, first_name, last_name, date_of_birth, email, calculated_price, card_name, card_type, card_number, expiration_date, purchased_date_time) values ('Alaska Airlines', 74, '2024-10-14 17:02:03', 'Jared', 'Lenoir', '1980-12-06', 'jlenoirq@msu.edu', 527.18, 'Jared' 'Lenoir', 'debit', 9198074088177608, '2024-12-17', '2021-05-05 16:40:10');
insert into ticket (airline_name, flight_number, departure_date_time, first_name, last_name, date_of_birth, email, calculated_price, card_name, card_type, card_number, expiration_date, purchased_date_time) values ('American Airlines', 48, '2024-07-04 18:50:19', 'Christina', 'Thurlby', '1982-12-24', 'cthurlbyh@smugmug.com', 453.59, 'Christina' 'Thurlby', 'credit', 2612561685894813, '2025-08-01', '2021-07-20 06:42:52');
insert into ticket (airline_name, flight_number, departure_date_time, first_name, last_name, date_of_birth, email, calculated_price, card_name, card_type, card_number, expiration_date, purchased_date_time) values ('British Airways', 177, '2022-09-03 09:37:52', 'Sunny', 'Blake', '1999-09-27', 'sblakec@printfriendly.com', 132.40, 'Sunny' 'Blake', 'credit', 4357150719135653, '2025-10-26', '2021-06-19 00:11:52');
insert into ticket (airline_name, flight_number, departure_date_time, first_name, last_name, date_of_birth, email, calculated_price, card_name, card_type, card_number, expiration_date, purchased_date_time) values ('American Eagle Airlines', 106, '2020-11-25 03:38:51', 'Cilka', 'Cattonnet', '1982-08-07', 'ccattonnet5@admin.ch', 660.26, 'Cilka' 'Cattonnet', 'debit', 6073201386997394, '2024-05-08', '2022-03-24 00:42:52');
insert into ticket (airline_name, flight_number, departure_date_time, first_name, last_name, date_of_birth, email, calculated_price, card_name, card_type, card_number, expiration_date, purchased_date_time) values ('Jet Blue', 105, '2021-08-20 06:20:05', 'Rolando', 'Ion', '1997-11-05', 'rionb@discuz.net', 81.19, 'Rolando' 'Ion', 'debit', 6975666308753855, '2023-10-21', '2021-06-13 23:26:05');
insert into ticket (airline_name, flight_number, departure_date_time, first_name, last_name, date_of_birth, email, calculated_price, card_name, card_type, card_number, expiration_date, purchased_date_time) values ('Alaska Airlines', 75, '2022-08-03 05:11:30', 'Buck', 'Warnes', '2005-07-23', 'bwarnesd@photobucket.com', 345.77, 'Buck' 'Warnes', 'credit', 9392962342830431, '2026-05-20', '2022-03-02 18:41:54');
insert into ticket (airline_name, flight_number, departure_date_time, first_name, last_name, date_of_birth, email, calculated_price, card_name, card_type, card_number, expiration_date, purchased_date_time) values ('American Airlines', 149, '2021-11-01 17:05:02', 'Virginie', 'Klemt', '2009-11-08', 'vklemt0@prlog.org', 820.73, 'Virginie' 'Klemt', 'debit', 8618454587277641, '2025-07-10', '2022-04-06 06:54:58');
insert into ticket (airline_name, flight_number, departure_date_time, first_name, last_name, date_of_birth, email, calculated_price, card_name, card_type, card_number, expiration_date, purchased_date_time) values ('British Airways', 177, '2022-09-03 09:37:52', 'Phedra', 'Dupree', '1990-04-27', 'pdupreei@bbc.co.uk', 132.40, 'Phedra' 'Dupree', 'credit', 7228787477522988, '2026-10-24', '2022-08-13 14:42:50');
insert into ticket (airline_name, flight_number, departure_date_time, first_name, last_name, date_of_birth, email, calculated_price, card_name, card_type, card_number, expiration_date, purchased_date_time) values ('Air Canada', 116, '2020-04-12 22:45:18', 'Cilka', 'Cattonnet', '1982-08-07', 'ccattonnet5@admin.ch', 683.62, 'Cilka' 'Cattonnet', 'credit', 9277718222892682, '2024-12-10', '2021-08-04 09:15:02');
insert into ticket (airline_name, flight_number, departure_date_time, first_name, last_name, date_of_birth, email, calculated_price, card_name, card_type, card_number, expiration_date, purchased_date_time) values ('United', 137, '2023-01-08 23:18:06', 'Sherlocke', 'Coie', '2008-08-09', 'scoief@creativecommons.org', 486.49, 'Sherlocke' 'Coie', 'credit', 2612561685894813, '2025-08-01', '2021-07-20 06:42:52');
insert into ticket (airline_name, flight_number, departure_date_time, first_name, last_name, date_of_birth, email, calculated_price, card_name, card_type, card_number, expiration_date, purchased_date_time) values ('Air Canada', 101, '2023-10-26 13:41:18', 'Gustie', 'Sheber', '1998-03-08', 'gshebers@deviantart.com', 625.94, 'Gustie' 'Sheber', 'credit', 8867834058033681, '2026-07-13', '2022-09-26 07:47:35');
insert into ticket (airline_name, flight_number, departure_date_time, first_name, last_name, date_of_birth, email, calculated_price, card_name, card_type, card_number, expiration_date, purchased_date_time) values ('United', 156, '2024-06-03 12:56:25', 'Archibold', 'Daveran', '1988-11-07', 'adaveran1@auda.org.au', 578.54, 'Archibold' 'Daveran', 'credit', 4612985174048187, '2026-04-25', '2021-08-06 21:06:35');
insert into ticket (airline_name, flight_number, departure_date_time, first_name, last_name, date_of_birth, email, calculated_price, card_name, card_type, card_number, expiration_date, purchased_date_time) values ('United', 137, '2023-01-08 23:18:06', 'Jared', 'Lenoir', '1980-12-06', 'jlenoirq@msu.edu', 486.49, 'Jared' 'Lenoir', 'debit', 6355725446444640, '2024-09-22', '2022-09-21 09:07:39');
insert into ticket (airline_name, flight_number, departure_date_time, first_name, last_name, date_of_birth, email, calculated_price, card_name, card_type, card_number, expiration_date, purchased_date_time) values ('British Airways', 123, '2021-03-15 07:42:11', 'Gustie', 'Sheber', '1998-03-08', 'gshebers@deviantart.com', 110.01, 'Gustie' 'Sheber', 'debit', 8321800125437600, '2024-08-03', '2021-10-14 20:40:37');
insert into ticket (airline_name, flight_number, departure_date_time, first_name, last_name, date_of_birth, email, calculated_price, card_name, card_type, card_number, expiration_date, purchased_date_time) values ('Delta Air Line', 121, '2020-05-01 14:41:07', 'Cilka', 'Cattonnet', '1982-08-07', 'ccattonnet5@admin.ch', 302.23, 'Cilka' 'Cattonnet', 'debit', 5700862551142091, '2023-12-04', '2022-08-25 03:14:11');
insert into ticket (airline_name, flight_number, departure_date_time, first_name, last_name, date_of_birth, email, calculated_price, card_name, card_type, card_number, expiration_date, purchased_date_time) values ('British Airways', 83, '2022-01-10 22:34:34', 'Buck', 'Warnes', '2005-07-23', 'bwarnesd@photobucket.com', 115.28, 'Buck' 'Warnes', 'debit', 7820222339574078, '2023-05-20', '2022-08-05 04:46:16');
insert into ticket (airline_name, flight_number, departure_date_time, first_name, last_name, date_of_birth, email, calculated_price, card_name, card_type, card_number, expiration_date, purchased_date_time) values ('American Airlines', 48, '2024-07-04 18:50:19', 'Rolando', 'Ion', '1997-11-05', 'rionb@discuz.net', 453.59, 'Rolando' 'Ion', 'debit', 3293952880301479, '2023-12-25', '2021-11-20 05:05:38');
insert into ticket (airline_name, flight_number, departure_date_time, first_name, last_name, date_of_birth, email, calculated_price, card_name, card_type, card_number, expiration_date, purchased_date_time) values ('British Airways', 75, '2020-11-24 03:12:30', 'Ilyse', 'Donaldson', '2001-03-06', 'idonaldsong@businessweek.com', 616.26, 'Ilyse' 'Donaldson', 'debit', 8321800125437600, '2024-08-03', '2021-10-14 20:40:37');
insert into ticket (airline_name, flight_number, departure_date_time, first_name, last_name, date_of_birth, email, calculated_price, card_name, card_type, card_number, expiration_date, purchased_date_time) values ('American Eagle Airlines', 173, '2023-05-22 07:16:59', 'Marylou', 'Baudts', '2007-09-01', 'mbaudts8@tuttocitta.it', 438.02, 'Marylou' 'Baudts', 'credit', 2459150568945275, '2025-05-27', '2022-06-05 12:08:23');
insert into ticket (airline_name, flight_number, departure_date_time, first_name, last_name, date_of_birth, email, calculated_price, card_name, card_type, card_number, expiration_date, purchased_date_time) values ('Delta Air Line', 124, '2021-03-26 19:44:47', 'Robenia', 'Duiged', '1980-05-23', 'rduigedp@barnesandnoble.com', 821.89, 'Robenia' 'Duiged', 'credit', 3063875718530651, '2023-06-22', '2022-09-17 22:01:30');
insert into ticket (airline_name, flight_number, departure_date_time, first_name, last_name, date_of_birth, email, calculated_price, card_name, card_type, card_number, expiration_date, purchased_date_time) values ('American Airlines', 190, '2021-12-12 00:50:12', 'Christina', 'Thurlby', '1982-12-24', 'cthurlbyh@smugmug.com', 639.70, 'Christina' 'Thurlby', 'credit', 1012509750480035, '2024-03-22', '2022-09-16 20:27:47');
insert into ticket (airline_name, flight_number, departure_date_time, first_name, last_name, date_of_birth, email, calculated_price, card_name, card_type, card_number, expiration_date, purchased_date_time) values ('Air France', 175, '2020-09-01 05:13:02', 'Edithe', 'Roeby', '1982-10-26', 'eroebyr@soundcloud.com', 424.89, 'Edithe' 'Roeby', 'debit', 6355725446444640, '2024-09-22', '2022-09-21 09:07:39');
insert into ticket (airline_name, flight_number, departure_date_time, first_name, last_name, date_of_birth, email, calculated_price, card_name, card_type, card_number, expiration_date, purchased_date_time) values ('Alaska Airlines', 41, '2022-12-23 15:49:41', 'Jarrad', 'Bomb', '1997-10-16', 'jbomb9@adobe.com', 358.33, 'Jarrad' 'Bomb', 'credit', 6942000654339745, '2025-05-21', '2022-04-27 16:03:25');
insert into ticket (airline_name, flight_number, departure_date_time, first_name, last_name, date_of_birth, email, calculated_price, card_name, card_type, card_number, expiration_date, purchased_date_time) values ('Air France', 130, '2022-06-12 08:51:51', 'Bernadine', 'Danels', '1995-10-03', 'bdanelsn@tinyurl.com', 275.77, 'Bernadine' 'Danels', 'credit', 8711716036118819, '2026-11-30', '2021-10-08 14:50:35');
insert into ticket (airline_name, flight_number, departure_date_time, first_name, last_name, date_of_birth, email, calculated_price, card_name, card_type, card_number, expiration_date, purchased_date_time) values ('American Airlines', 190, '2021-12-12 00:50:12', 'Cilka', 'Cattonnet', '1982-08-07', 'ccattonnet5@admin.ch', 799.62, 'Cilka' 'Cattonnet', 'credit', 7387014974819385, '2025-02-19', '2022-09-29 09:13:18');
insert into ticket (airline_name, flight_number, departure_date_time, first_name, last_name, date_of_birth, email, calculated_price, card_name, card_type, card_number, expiration_date, purchased_date_time) values ('American Eagle Airlines', 162, '2023-09-15 11:44:33', 'Alex', 'McCormick', '1973-03-02', 'amccormick4@ox.ac.uk', 69.79, 'Alex' 'McCormick', 'credit', 5118872758255254, '2026-03-11', '2021-10-04 09:02:15');
insert into ticket (airline_name, flight_number, departure_date_time, first_name, last_name, date_of_birth, email, calculated_price, card_name, card_type, card_number, expiration_date, purchased_date_time) values ('Jet Blue', 163, '2020-12-09 15:18:42', 'Archibold', 'Daveran', '1988-11-07', 'adaveran1@auda.org.au', 387.14, 'Archibold' 'Daveran', 'credit', 5587869963220598, '2023-09-14', '2021-10-01 07:32:53');
insert into ticket (airline_name, flight_number, departure_date_time, first_name, last_name, date_of_birth, email, calculated_price, card_name, card_type, card_number, expiration_date, purchased_date_time) values ('Jet Blue', 105, '2021-08-20 06:20:05', 'Martyn', 'Poytheras', '1983-02-18', 'mpoytherasj@last.fm', 81.19, 'Martyn' 'Poytheras', 'debit', 4775902865203514, '2024-05-13', '2021-07-16 05:18:44');
insert into ticket (airline_name, flight_number, departure_date_time, first_name, last_name, date_of_birth, email, calculated_price, card_name, card_type, card_number, expiration_date, purchased_date_time) values ('Southwest', 185, '2021-02-20 06:00:34', 'Robenia', 'Duiged', '1980-05-23', 'rduigedp@barnesandnoble.com', 329.83, 'Robenia' 'Duiged', 'credit', 9392962342830431, '2026-05-20', '2022-03-02 18:41:54');
insert into ticket (airline_name, flight_number, departure_date_time, first_name, last_name, date_of_birth, email, calculated_price, card_name, card_type, card_number, expiration_date, purchased_date_time) values ('Alaska Airlines', 103, '2022-09-20 01:04:06', 'Edithe', 'Roeby', '1982-10-26', 'eroebyr@soundcloud.com', 604.17, 'Edithe' 'Roeby', 'debit', 2772666239547437, '2023-06-02', '2021-10-12 20:00:48');
insert into ticket (airline_name, flight_number, departure_date_time, first_name, last_name, date_of_birth, email, calculated_price, card_name, card_type, card_number, expiration_date, purchased_date_time) values ('Jet Blue', 99, '2023-07-20 20:07:20', 'Ky', 'Pridgeon', '2004-06-18', 'kpridgeono@cbslocal.com', 475.66, 'Ky' 'Pridgeon', 'credit', 4068699619505510, '2024-04-27', '2021-09-14 22:17:35');
insert into ticket (airline_name, flight_number, departure_date_time, first_name, last_name, date_of_birth, email, calculated_price, card_name, card_type, card_number, expiration_date, purchased_date_time) values ('British Airways', 159, '2021-12-06 08:13:32', 'Bernadine', 'Danels', '1995-10-03', 'bdanelsn@tinyurl.com', 509.85, 'Bernadine' 'Danels', 'debit', 5129578318327917, '2026-06-29', '2022-04-15 04:53:51');
insert into ticket (airline_name, flight_number, departure_date_time, first_name, last_name, date_of_birth, email, calculated_price, card_name, card_type, card_number, expiration_date, purchased_date_time) values ('Jet Blue', 198, '2023-07-31 06:05:20', 'Martyn', 'Poytheras', '1983-02-18', 'mpoytherasj@last.fm', 338.98, 'Martyn' 'Poytheras', 'debit', 3293952880301479, '2023-12-25', '2021-11-20 05:05:38');
insert into ticket (airline_name, flight_number, departure_date_time, first_name, last_name, date_of_birth, email, calculated_price, card_name, card_type, card_number, expiration_date, purchased_date_time) values ('Air France', 164, '2022-03-27 11:51:26', 'Alex', 'McCormick', '1973-03-02', 'amccormick4@ox.ac.uk', 319.49, 'Alex' 'McCormick', 'credit', 9612786920505765, '2025-03-26', '2022-02-26 23:23:51');
insert into ticket (airline_name, flight_number, departure_date_time, first_name, last_name, date_of_birth, email, calculated_price, card_name, card_type, card_number, expiration_date, purchased_date_time) values ('Alaska Airlines', 125, '2021-07-17 22:02:59', 'Alex', 'McCormick', '1973-03-02', 'amccormick4@ox.ac.uk', 623.49, 'Alex' 'McCormick', 'debit', 4784347880790530, '2026-03-01', '2021-07-22 14:48:05');
insert into ticket (airline_name, flight_number, departure_date_time, first_name, last_name, date_of_birth, email, calculated_price, card_name, card_type, card_number, expiration_date, purchased_date_time) values ('Air Canada', 195, '2024-01-24 06:26:05', 'Elly', 'Brennand', '1992-12-08', 'ebrennandk@cornell.edu', 830.07, 'Elly' 'Brennand', 'credit', 9508819645728727, '2025-10-25', '2021-05-01 23:02:48');
insert into ticket (airline_name, flight_number, departure_date_time, first_name, last_name, date_of_birth, email, calculated_price, card_name, card_type, card_number, expiration_date, purchased_date_time) values ('American Eagle Airlines', 48, '2024-07-25 22:35:10', 'Virginie', 'Klemt', '2009-11-08', 'vklemt0@prlog.org', 604.95, 'Virginie' 'Klemt', 'credit', 7622888134932103, '2024-09-13', '2022-01-14 06:56:45');
insert into ticket (airline_name, flight_number, departure_date_time, first_name, last_name, date_of_birth, email, calculated_price, card_name, card_type, card_number, expiration_date, purchased_date_time) values ('Air Canada', 105, '2024-09-26 13:05:05', 'Bernadine', 'Danels', '1995-10-03', 'bdanelsn@tinyurl.com', 824.33, 'Bernadine' 'Danels', 'credit', 2353006866644667, '2025-11-10', '2022-03-28 16:54:22');
insert into ticket (airline_name, flight_number, departure_date_time, first_name, last_name, date_of_birth, email, calculated_price, card_name, card_type, card_number, expiration_date, purchased_date_time) values ('Air Canada', 181, '2020-12-16 23:14:41', 'Ilyse', 'Donaldson', '2001-03-06', 'idonaldsong@businessweek.com', 521.91, 'Ilyse' 'Donaldson', 'debit', 5275462315650959, '2026-11-12', '2021-05-19 14:43:42');
insert into ticket (airline_name, flight_number, departure_date_time, first_name, last_name, date_of_birth, email, calculated_price, card_name, card_type, card_number, expiration_date, purchased_date_time) values ('Southwest', 147, '2020-01-22 18:42:19', 'Lucio', 'Hardbattle', '1983-01-26', 'lhardbattle2@hostgator.com', 547.81, 'Lucio' 'Hardbattle', 'credit', 1897849676823112, '2024-02-02', '2022-02-26 14:45:51');
insert into ticket (airline_name, flight_number, departure_date_time, first_name, last_name, date_of_birth, email, calculated_price, card_name, card_type, card_number, expiration_date, purchased_date_time) values ('Air France', 151, '2020-02-22 01:59:51', 'Christina', 'Thurlby', '1982-12-24', 'cthurlbyh@smugmug.com', 557.64, 'Christina' 'Thurlby', 'credit', 4935897160969678, '2024-01-21', '2022-10-07 13:24:57');
insert into ticket (airline_name, flight_number, departure_date_time, first_name, last_name, date_of_birth, email, calculated_price, card_name, card_type, card_number, expiration_date, purchased_date_time) values ('Jet Blue', 156, '2022-10-10 18:06:18', 'Ida', 'Jeffes', '1984-10-01', 'ijeffest@dagondesign.com', 477.20, 'Ida' 'Jeffes', 'credit', 7383608611614133, '2024-07-06', '2021-09-25 16:16:19');
insert into ticket (airline_name, flight_number, departure_date_time, first_name, last_name, date_of_birth, email, calculated_price, card_name, card_type, card_number, expiration_date, purchased_date_time) values ('British Airways', 138, '2023-07-09 03:19:54', 'Tan', 'Gamil', '1973-08-19', 'tgamill@skyrock.com', 64.51, 'Tan' 'Gamil', 'credit', 4526224600480575, '2024-03-31', '2022-05-27 22:20:29');
insert into ticket (airline_name, flight_number, departure_date_time, first_name, last_name, date_of_birth, email, calculated_price, card_name, card_type, card_number, expiration_date, purchased_date_time) values ('Air France', 151, '2020-02-22 01:59:51', 'Ilyse', 'Donaldson', '2001-03-06', 'idonaldsong@businessweek.com', 697.05, 'Ilyse' 'Donaldson', 'debit', 5392783682092119, '2024-10-07', '2022-03-16 02:28:26');
insert into ticket (airline_name, flight_number, departure_date_time, first_name, last_name, date_of_birth, email, calculated_price, card_name, card_type, card_number, expiration_date, purchased_date_time) values ('Air France', 31, '2024-01-03 08:38:02', 'Edithe', 'Roeby', '1982-10-26', 'eroebyr@soundcloud.com', 488.04, 'Edithe' 'Roeby', 'credit', 4699712728600469, '2025-02-26', '2021-08-21 22:28:30');
insert into ticket (airline_name, flight_number, departure_date_time, first_name, last_name, date_of_birth, email, calculated_price, card_name, card_type, card_number, expiration_date, purchased_date_time) values ('Southwest', 86, '2022-03-22 11:44:45', 'Lucio', 'Hardbattle', '1983-01-26', 'lhardbattle2@hostgator.com', 657.11, 'Lucio' 'Hardbattle', 'credit', 4712323914553103, '2023-09-08', '2021-05-11 04:49:52');
insert into ticket (airline_name, flight_number, departure_date_time, first_name, last_name, date_of_birth, email, calculated_price, card_name, card_type, card_number, expiration_date, purchased_date_time) values ('Southwest', 167, '2022-01-01 13:27:31', 'Alex', 'McCormick', '1973-03-02', 'amccormick4@ox.ac.uk', 764.91, 'Alex' 'McCormick', 'debit', 8756255427440761, '2026-06-06', '2021-08-19 18:16:12');
insert into ticket (airline_name, flight_number, departure_date_time, first_name, last_name, date_of_birth, email, calculated_price, card_name, card_type, card_number, expiration_date, purchased_date_time) values ('Air Canada', 75, '2020-06-28 01:14:41', 'Bernadine', 'Danels', '1995-10-03', 'bdanelsn@tinyurl.com', 280.79, 'Bernadine' 'Danels', 'debit', 5786971611248433, '2024-07-04', '2021-09-09 07:53:14');
insert into ticket (airline_name, flight_number, departure_date_time, first_name, last_name, date_of_birth, email, calculated_price, card_name, card_type, card_number, expiration_date, purchased_date_time) values ('Air France', 31, '2024-01-03 08:38:02', 'Sunny', 'Blake', '1999-09-27', 'sblakec@printfriendly.com', 488.04, 'Sunny' 'Blake', 'credit', 6942000654339745, '2025-05-21', '2022-04-27 16:03:25');
insert into ticket (airline_name, flight_number, departure_date_time, first_name, last_name, date_of_birth, email, calculated_price, card_name, card_type, card_number, expiration_date, purchased_date_time) values ('Air Canada', 75, '2020-06-28 01:14:41', 'Ky', 'Pridgeon', '2004-06-18', 'kpridgeono@cbslocal.com', 350.99, 'Ky' 'Pridgeon', 'credit', 8867834058033681, '2026-07-13', '2022-09-26 07:47:35');
insert into ticket (airline_name, flight_number, departure_date_time, first_name, last_name, date_of_birth, email, calculated_price, card_name, card_type, card_number, expiration_date, purchased_date_time) values ('Alaska Airlines', 123, '2022-08-07 23:09:08', 'Ilyse', 'Donaldson', '2001-03-06', 'idonaldsong@businessweek.com', 529.04, 'Ilyse' 'Donaldson', 'credit', 2408412664994916, '2026-07-10', '2021-10-26 09:55:24');
insert into ticket (airline_name, flight_number, departure_date_time, first_name, last_name, date_of_birth, email, calculated_price, card_name, card_type, card_number, expiration_date, purchased_date_time) values ('Jet Blue', 140, '2023-06-20 12:15:54', 'Rolando', 'Ion', '1997-11-05', 'rionb@discuz.net', 207.89, 'Rolando' 'Ion', 'debit', 7763047511887903, '2024-06-16', '2021-11-15 20:24:04');
insert into ticket (airline_name, flight_number, departure_date_time, first_name, last_name, date_of_birth, email, calculated_price, card_name, card_type, card_number, expiration_date, purchased_date_time) values ('Jet Blue', 121, '2022-05-24 14:55:55', 'Rolando', 'Ion', '1997-11-05', 'rionb@discuz.net', 170.15, 'Rolando' 'Ion', 'credit', 2495296353616855, '2024-08-22', '2021-05-06 06:59:08');
insert into ticket (airline_name, flight_number, departure_date_time, first_name, last_name, date_of_birth, email, calculated_price, card_name, card_type, card_number, expiration_date, purchased_date_time) values ('American Eagle Airlines', 100, '2023-12-05 01:36:03', 'Sunny', 'Blake', '1999-09-27', 'sblakec@printfriendly.com', 110.80, 'Sunny' 'Blake', 'credit', 8711716036118819, '2026-11-30', '2021-10-08 14:50:35');
insert into ticket (airline_name, flight_number, departure_date_time, first_name, last_name, date_of_birth, email, calculated_price, card_name, card_type, card_number, expiration_date, purchased_date_time) values ('Jet Blue', 99, '2023-07-20 20:07:20', 'Archibold', 'Daveran', '1988-11-07', 'adaveran1@auda.org.au', 380.53, 'Archibold' 'Daveran', 'credit', 9313524580197803, '2026-09-03', '2022-11-27 00:23:28');
insert into ticket (airline_name, flight_number, departure_date_time, first_name, last_name, date_of_birth, email, calculated_price, card_name, card_type, card_number, expiration_date, purchased_date_time) values ('British Airways', 75, '2020-11-24 03:12:30', 'Delora', 'Nisard', '2008-12-09', 'dnisarda@chicagotribune.com', 616.26, 'Delora' 'Nisard', 'credit', 2459150568945275, '2025-05-27', '2022-06-05 12:08:23');
insert into ticket (airline_name, flight_number, departure_date_time, first_name, last_name, date_of_birth, email, calculated_price, card_name, card_type, card_number, expiration_date, purchased_date_time) values ('Delta Air Line', 124, '2021-03-26 19:44:47', 'Ky', 'Pridgeon', '2004-06-18', 'kpridgeono@cbslocal.com', 821.89, 'Ky' 'Pridgeon', 'credit', 1897849676823112, '2024-02-02', '2022-02-26 14:45:51');
insert into ticket (airline_name, flight_number, departure_date_time, first_name, last_name, date_of_birth, email, calculated_price, card_name, card_type, card_number, expiration_date, purchased_date_time) values ('Southwest', 111, '2023-03-18 16:41:19', 'Kathlin', 'Sheehan', '1972-12-10', 'ksheehan3@typepad.com', 139.38, 'Kathlin' 'Sheehan', 'credit', 2708268957706007, '2026-11-12', '2021-10-22 14:40:07');
insert into ticket (airline_name, flight_number, departure_date_time, first_name, last_name, date_of_birth, email, calculated_price, card_name, card_type, card_number, expiration_date, purchased_date_time) values ('Southwest', 64, '2023-09-30 10:41:20', 'Lucio', 'Hardbattle', '1983-01-26', 'lhardbattle2@hostgator.com', 578.65, 'Lucio' 'Hardbattle', 'debit', 9198074088177608, '2024-12-17', '2021-05-05 16:40:10');
insert into ticket (airline_name, flight_number, departure_date_time, first_name, last_name, date_of_birth, email, calculated_price, card_name, card_type, card_number, expiration_date, purchased_date_time) values ('Southwest', 130, '2022-08-19 19:28:33', 'Martyn', 'Poytheras', '1983-02-18', 'mpoytherasj@last.fm', 486.57, 'Martyn' 'Poytheras', 'debit', 5128036573054551, '2025-03-17', '2022-04-06 17:46:55');
insert into ticket (airline_name, flight_number, departure_date_time, first_name, last_name, date_of_birth, email, calculated_price, card_name, card_type, card_number, expiration_date, purchased_date_time) values ('Alaska Airlines', 75, '2022-08-03 05:11:30', 'Ky', 'Pridgeon', '2004-06-18', 'kpridgeono@cbslocal.com', 345.77, 'Ky' 'Pridgeon', 'credit', 5219159810603546, '2024-09-17', '2022-05-21 13:10:28');
insert into ticket (airline_name, flight_number, departure_date_time, first_name, last_name, date_of_birth, email, calculated_price, card_name, card_type, card_number, expiration_date, purchased_date_time) values ('British Airways', 159, '2020-05-03 10:03:50', 'Bernadine', 'Danels', '1995-10-03', 'bdanelsn@tinyurl.com', 269.24, 'Bernadine' 'Danels', 'credit', 4339179445442071, '2024-10-31', '2021-07-20 11:16:06');
insert into ticket (airline_name, flight_number, departure_date_time, first_name, last_name, date_of_birth, email, calculated_price, card_name, card_type, card_number, expiration_date, purchased_date_time) values ('Alaska Airlines', 74, '2024-10-14 17:02:03', 'Bernadine', 'Danels', '1995-10-03', 'bdanelsn@tinyurl.com', 658.97, 'Bernadine' 'Danels', 'credit', 8392169269244762, '2026-12-27', '2022-12-25 13:58:36');
insert into ticket (airline_name, flight_number, departure_date_time, first_name, last_name, date_of_birth, email, calculated_price, card_name, card_type, card_number, expiration_date, purchased_date_time) values ('American Airlines', 78, '2023-06-16 13:02:29', 'Bird', 'Casserley', '1972-08-27', 'bcasserley7@freewebs.com', 153.90, 'Bird' 'Casserley', 'credit', 7965807934323148, '2023-07-11', '2022-04-15 17:00:17');
insert into ticket (airline_name, flight_number, departure_date_time, first_name, last_name, date_of_birth, email, calculated_price, card_name, card_type, card_number, expiration_date, purchased_date_time) values ('Delta Air Line', 175, '2022-04-23 12:21:57', 'Ida', 'Jeffes', '1984-10-01', 'ijeffest@dagondesign.com', 407.09, 'Ida' 'Jeffes', 'debit', 7947932421377104, '2025-07-25', '2022-05-20 16:58:54');
insert into ticket (airline_name, flight_number, departure_date_time, first_name, last_name, date_of_birth, email, calculated_price, card_name, card_type, card_number, expiration_date, purchased_date_time) values ('United', 137, '2023-01-08 23:18:06', 'Kathlin', 'Sheehan', '1972-12-10', 'ksheehan3@typepad.com', 486.49, 'Kathlin' 'Sheehan', 'credit', 3049391336966586, '2023-10-13', '2021-06-04 13:50:44');
insert into ticket (airline_name, flight_number, departure_date_time, first_name, last_name, date_of_birth, email, calculated_price, card_name, card_type, card_number, expiration_date, purchased_date_time) values ('Alaska Airlines', 85, '2024-01-26 00:52:47', 'Delora', 'Nisard', '2008-12-09', 'dnisarda@chicagotribune.com', 586.22, 'Delora' 'Nisard', 'credit', 8018232437808522, '2023-09-08', '2021-08-30 19:27:03');
insert into ticket (airline_name, flight_number, departure_date_time, first_name, last_name, date_of_birth, email, calculated_price, card_name, card_type, card_number, expiration_date, purchased_date_time) values ('British Airways', 159, '2020-05-03 10:03:50', 'Edithe', 'Roeby', '1982-10-26', 'eroebyr@soundcloud.com', 269.24, 'Edithe' 'Roeby', 'credit', 7903569696565595, '2024-08-23', '2022-02-24 18:21:17');
insert into ticket (airline_name, flight_number, departure_date_time, first_name, last_name, date_of_birth, email, calculated_price, card_name, card_type, card_number, expiration_date, purchased_date_time) values ('British Airways', 177, '2022-09-03 09:37:52', 'Kathlin', 'Sheehan', '1972-12-10', 'ksheehan3@typepad.com', 105.92, 'Kathlin' 'Sheehan', 'credit', 5139757624272749, '2025-12-13', '2021-07-10 11:29:40');
insert into ticket (airline_name, flight_number, departure_date_time, first_name, last_name, date_of_birth, email, calculated_price, card_name, card_type, card_number, expiration_date, purchased_date_time) values ('Southwest', 174, '2021-06-02 07:47:12', 'Fairfax', 'Fuzzey', '1981-04-15', 'ffuzzeym@independent.co.uk', 172.71, 'Fairfax' 'Fuzzey', 'debit', 4422699605008280, '2024-12-20', '2021-08-26 23:08:45');
insert into ticket (airline_name, flight_number, departure_date_time, first_name, last_name, date_of_birth, email, calculated_price, card_name, card_type, card_number, expiration_date, purchased_date_time) values ('United', 169, '2024-01-03 16:49:49', 'Edithe', 'Roeby', '1982-10-26', 'eroebyr@soundcloud.com', 95.30, 'Edithe' 'Roeby', 'credit', 8696869509110252, '2023-07-26', '2021-11-18 17:18:58');
insert into ticket (airline_name, flight_number, departure_date_time, first_name, last_name, date_of_birth, email, calculated_price, card_name, card_type, card_number, expiration_date, purchased_date_time) values ('American Eagle Airlines', 106, '2020-11-25 03:38:51', 'Virginie', 'Klemt', '2009-11-08', 'vklemt0@prlog.org', 528.21, 'Virginie' 'Klemt', 'credit', 3990143921316982, '2023-05-13', '2022-01-20 22:56:04');
insert into ticket (airline_name, flight_number, departure_date_time, first_name, last_name, date_of_birth, email, calculated_price, card_name, card_type, card_number, expiration_date, purchased_date_time) values ('American Eagle Airlines', 86, '2020-11-16 14:22:29', 'Lucio', 'Hardbattle', '1983-01-26', 'lhardbattle2@hostgator.com', 311.45, 'Lucio' 'Hardbattle', 'debit', 6758885101205842, '2025-09-04', '2022-04-06 01:10:41');
insert into ticket (airline_name, flight_number, departure_date_time, first_name, last_name, date_of_birth, email, calculated_price, card_name, card_type, card_number, expiration_date, purchased_date_time) values ('United', 138, '2024-05-06 08:09:49', 'Ky', 'Pridgeon', '2004-06-18', 'kpridgeono@cbslocal.com', 267.07, 'Ky' 'Pridgeon', 'credit', 5266802609483109, '2026-07-26', '2021-10-01 12:49:20');
insert into ticket (airline_name, flight_number, departure_date_time, first_name, last_name, date_of_birth, email, calculated_price, card_name, card_type, card_number, expiration_date, purchased_date_time) values ('United', 156, '2024-06-03 12:56:25', 'Buck', 'Warnes', '2005-07-23', 'bwarnesd@photobucket.com', 578.54, 'Buck' 'Warnes', 'debit', 8673668502638346, '2025-05-11', '2022-12-05 14:01:09');
insert into ticket (airline_name, flight_number, departure_date_time, first_name, last_name, date_of_birth, email, calculated_price, card_name, card_type, card_number, expiration_date, purchased_date_time) values ('Southwest', 174, '2021-06-02 07:47:12', 'Kathlin', 'Sheehan', '1972-12-10', 'ksheehan3@typepad.com', 172.71, 'Kathlin' 'Sheehan', 'credit', 5458881202436334, '2024-02-27', '2022-08-08 15:48:49');
insert into ticket (airline_name, flight_number, departure_date_time, first_name, last_name, date_of_birth, email, calculated_price, card_name, card_type, card_number, expiration_date, purchased_date_time) values ('Air Canada', 139, '2023-01-31 10:33:24', 'Rolando', 'Ion', '1997-11-05', 'rionb@discuz.net', 824.91, 'Rolando' 'Ion', 'debit', 4775902865203514, '2024-05-13', '2021-07-16 05:18:44');
insert into ticket (airline_name, flight_number, departure_date_time, first_name, last_name, date_of_birth, email, calculated_price, card_name, card_type, card_number, expiration_date, purchased_date_time) values ('Southwest', 174, '2021-06-02 07:47:12', 'Fairfax', 'Fuzzey', '1981-04-15', 'ffuzzeym@independent.co.uk', 172.71, 'Fairfax' 'Fuzzey', 'credit', 4930000666682735, '2024-07-23', '2022-02-07 14:20:22');
insert into ticket (airline_name, flight_number, departure_date_time, first_name, last_name, date_of_birth, email, calculated_price, card_name, card_type, card_number, expiration_date, purchased_date_time) values ('United', 156, '2024-06-03 12:56:25', 'Jarrad', 'Bomb', '1997-10-16', 'jbomb9@adobe.com', 578.54, 'Jarrad' 'Bomb', 'credit', 5118872758255254, '2026-03-11', '2021-10-04 09:02:15');
insert into ticket (airline_name, flight_number, departure_date_time, first_name, last_name, date_of_birth, email, calculated_price, card_name, card_type, card_number, expiration_date, purchased_date_time) values ('Jet Blue', 121, '2022-05-24 14:55:55', 'Christina', 'Thurlby', '1982-12-24', 'cthurlbyh@smugmug.com', 170.15, 'Christina' 'Thurlby', 'credit', 6901298930291655, '2023-09-22', '2022-07-29 09:45:06');
insert into ticket (airline_name, flight_number, departure_date_time, first_name, last_name, date_of_birth, email, calculated_price, card_name, card_type, card_number, expiration_date, purchased_date_time) values ('Southwest', 171, '2022-10-21 03:17:31', 'Tan', 'Gamil', '1973-08-19', 'tgamill@skyrock.com', 558.62, 'Tan' 'Gamil', 'credit', 7622888134932103, '2024-09-13', '2022-01-14 06:56:45');
insert into ticket (airline_name, flight_number, departure_date_time, first_name, last_name, date_of_birth, email, calculated_price, card_name, card_type, card_number, expiration_date, purchased_date_time) values ('Delta Air Line', 121, '2020-05-01 14:41:07', 'Martyn', 'Poytheras', '1983-02-18', 'mpoytherasj@last.fm', 241.78, 'Martyn' 'Poytheras', 'credit', 2233014151395250, '2025-10-12', '2022-10-07 13:04:22');
insert into ticket (airline_name, flight_number, departure_date_time, first_name, last_name, date_of_birth, email, calculated_price, card_name, card_type, card_number, expiration_date, purchased_date_time) values ('Jet Blue', 156, '2022-10-10 18:06:18', 'Cilka', 'Cattonnet', '1982-08-07', 'ccattonnet5@admin.ch', 477.20, 'Cilka' 'Cattonnet', 'credit', 1012509750480035, '2024-03-22', '2022-09-16 20:27:47');
insert into ticket (airline_name, flight_number, departure_date_time, first_name, last_name, date_of_birth, email, calculated_price, card_name, card_type, card_number, expiration_date, purchased_date_time) values ('Delta Air Line', 175, '2022-04-23 12:21:57', 'Bernadine', 'Danels', '1995-10-03', 'bdanelsn@tinyurl.com', 407.09, 'Bernadine' 'Danels', 'credit', 1787740839497819, '2025-01-31', '2021-09-16 01:17:40');
insert into ticket (airline_name, flight_number, departure_date_time, first_name, last_name, date_of_birth, email, calculated_price, card_name, card_type, card_number, expiration_date, purchased_date_time) values ('British Airways', 97, '2023-05-06 14:55:55', 'Bernadine', 'Danels', '1995-10-03', 'bdanelsn@tinyurl.com', 569.89, 'Bernadine' 'Danels', 'credit', 8226274033509800, '2023-07-18', '2021-09-02 21:12:37');
insert into ticket (airline_name, flight_number, departure_date_time, first_name, last_name, date_of_birth, email, calculated_price, card_name, card_type, card_number, expiration_date, purchased_date_time) values ('American Airlines', 48, '2024-07-04 18:50:19', 'Phedra', 'Dupree', '1990-04-27', 'pdupreei@bbc.co.uk', 453.59, 'Phedra' 'Dupree', 'credit', 5587869963220598, '2023-09-14', '2021-10-01 07:32:53');
insert into ticket (airline_name, flight_number, departure_date_time, first_name, last_name, date_of_birth, email, calculated_price, card_name, card_type, card_number, expiration_date, purchased_date_time) values ('Delta Air Line', 177, '2023-08-23 10:44:47', 'Bryana', 'Buffery', '1976-11-05', 'bbuffery6@mozilla.org', 550.68, 'Bryana' 'Buffery', 'debit', 2677400647862556, '2025-07-04', '2021-09-05 10:11:27');
insert into ticket (airline_name, flight_number, departure_date_time, first_name, last_name, date_of_birth, email, calculated_price, card_name, card_type, card_number, expiration_date, purchased_date_time) values ('Jet Blue', 95, '2021-04-20 17:46:57', 'Fairfax', 'Fuzzey', '1981-04-15', 'ffuzzeym@independent.co.uk', 277.51, 'Fairfax' 'Fuzzey', 'debit', 3032182186150649, '2024-05-16', '2022-04-29 04:17:05');
insert into ticket (airline_name, flight_number, departure_date_time, first_name, last_name, date_of_birth, email, calculated_price, card_name, card_type, card_number, expiration_date, purchased_date_time) values ('British Airways', 97, '2023-05-06 14:55:55', 'Kathlin', 'Sheehan', '1972-12-10', 'ksheehan3@typepad.com', 569.89, 'Kathlin' 'Sheehan', 'debit', 6355725446444640, '2024-09-22', '2022-09-21 09:07:39');
insert into ticket (airline_name, flight_number, departure_date_time, first_name, last_name, date_of_birth, email, calculated_price, card_name, card_type, card_number, expiration_date, purchased_date_time) values ('Alaska Airlines', 74, '2024-10-14 17:02:03', 'Tan', 'Gamil', '1973-08-19', 'tgamill@skyrock.com', 658.97, 'Tan' 'Gamil', 'debit', 7455327663525905, '2026-07-01', '2022-08-27 14:07:40');
insert into ticket (airline_name, flight_number, departure_date_time, first_name, last_name, date_of_birth, email, calculated_price, card_name, card_type, card_number, expiration_date, purchased_date_time) values ('American Airlines', 44, '2021-06-16 00:15:18', 'Jared', 'Lenoir', '1980-12-06', 'jlenoirq@msu.edu', 706.14, 'Jared' 'Lenoir', 'debit', 7455327663525905, '2026-07-01', '2022-08-27 14:07:40');
insert into ticket (airline_name, flight_number, departure_date_time, first_name, last_name, date_of_birth, email, calculated_price, card_name, card_type, card_number, expiration_date, purchased_date_time) values ('British Airways', 138, '2023-07-09 03:19:54', 'Jarrad', 'Bomb', '1997-10-16', 'jbomb9@adobe.com', 64.51, 'Jarrad' 'Bomb', 'debit', 8797747827457518, '2026-06-01', '2021-12-05 21:06:43');
insert into ticket (airline_name, flight_number, departure_date_time, first_name, last_name, date_of_birth, email, calculated_price, card_name, card_type, card_number, expiration_date, purchased_date_time) values ('United', 138, '2024-05-06 08:09:49', 'Gustie', 'Sheber', '1998-03-08', 'gshebers@deviantart.com', 213.66, 'Gustie' 'Sheber', 'credit', 1897849676823112, '2024-02-02', '2022-02-26 14:45:51');
insert into ticket (airline_name, flight_number, departure_date_time, first_name, last_name, date_of_birth, email, calculated_price, card_name, card_type, card_number, expiration_date, purchased_date_time) values ('Southwest', 167, '2022-01-01 13:27:31', 'Archibold', 'Daveran', '1988-11-07', 'adaveran1@auda.org.au', 764.91, 'Archibold' 'Daveran', 'debit', 8126374751689894, '2026-03-20', '2022-05-12 22:34:52');
insert into ticket (airline_name, flight_number, departure_date_time, first_name, last_name, date_of_birth, email, calculated_price, card_name, card_type, card_number, expiration_date, purchased_date_time) values ('British Airways', 123, '2021-03-15 07:42:11', 'Ky', 'Pridgeon', '2004-06-18', 'kpridgeono@cbslocal.com', 110.01, 'Ky' 'Pridgeon', 'credit', 7228787477522988, '2026-10-24', '2022-08-13 14:42:50');
insert into ticket (airline_name, flight_number, departure_date_time, first_name, last_name, date_of_birth, email, calculated_price, card_name, card_type, card_number, expiration_date, purchased_date_time) values ('British Airways', 159, '2021-12-06 08:13:32', 'Archibold', 'Daveran', '1988-11-07', 'adaveran1@auda.org.au', 509.85, 'Archibold' 'Daveran', 'debit', 6073201386997394, '2024-05-08', '2022-03-24 00:42:52');
insert into ticket (airline_name, flight_number, departure_date_time, first_name, last_name, date_of_birth, email, calculated_price, card_name, card_type, card_number, expiration_date, purchased_date_time) values ('Air Canada', 101, '2023-10-26 13:41:18', 'Edithe', 'Roeby', '1982-10-26', 'eroebyr@soundcloud.com', 782.43, 'Edithe' 'Roeby', 'debit', 2921930211164524, '2026-08-28', '2021-09-21 12:39:21');
insert into ticket (airline_name, flight_number, departure_date_time, first_name, last_name, date_of_birth, email, calculated_price, card_name, card_type, card_number, expiration_date, purchased_date_time) values ('United', 138, '2024-05-06 08:09:49', 'Ida', 'Jeffes', '1984-10-01', 'ijeffest@dagondesign.com', 267.07, 'Ida' 'Jeffes', 'debit', 6503072749546812, '2025-10-04', '2021-06-25 09:37:58');
insert into ticket (airline_name, flight_number, departure_date_time, first_name, last_name, date_of_birth, email, calculated_price, card_name, card_type, card_number, expiration_date, purchased_date_time) values ('Alaska Airlines', 65, '2023-10-04 10:48:40', 'Bernadine', 'Danels', '1995-10-03', 'bdanelsn@tinyurl.com', 459.16, 'Bernadine' 'Danels', 'credit', 5998909044600395, '2024-04-12', '2022-09-09 08:46:10');
insert into ticket (airline_name, flight_number, departure_date_time, first_name, last_name, date_of_birth, email, calculated_price, card_name, card_type, card_number, expiration_date, purchased_date_time) values ('Jet Blue', 171, '2022-09-23 19:06:40', 'Christina', 'Thurlby', '1982-12-24', 'cthurlbyh@smugmug.com', 672.13, 'Christina' 'Thurlby', 'debit', 6975666308753855, '2023-10-21', '2021-06-13 23:26:05');
insert into ticket (airline_name, flight_number, departure_date_time, first_name, last_name, date_of_birth, email, calculated_price, card_name, card_type, card_number, expiration_date, purchased_date_time) values ('British Airways', 75, '2020-11-24 03:12:30', 'Robenia', 'Duiged', '1980-05-23', 'rduigedp@barnesandnoble.com', 616.26, 'Robenia' 'Duiged', 'credit', 9313524580197803, '2026-09-03', '2022-11-27 00:23:28');
insert into ticket (airline_name, flight_number, departure_date_time, first_name, last_name, date_of_birth, email, calculated_price, card_name, card_type, card_number, expiration_date, purchased_date_time) values ('United', 113, '2023-12-01 08:57:08', 'Jared', 'Lenoir', '1980-12-06', 'jlenoirq@msu.edu', 416.65, 'Jared' 'Lenoir', 'debit', 6355725446444640, '2024-09-22', '2022-09-21 09:07:39');
insert into ticket (airline_name, flight_number, departure_date_time, first_name, last_name, date_of_birth, email, calculated_price, card_name, card_type, card_number, expiration_date, purchased_date_time) values ('American Eagle Airlines', 48, '2024-07-25 22:35:10', 'Bryana', 'Buffery', '1976-11-05', 'bbuffery6@mozilla.org', 604.95, 'Bryana' 'Buffery', 'credit', 8696869509110252, '2023-07-26', '2021-11-18 17:18:58');
insert into ticket (airline_name, flight_number, departure_date_time, first_name, last_name, date_of_birth, email, calculated_price, card_name, card_type, card_number, expiration_date, purchased_date_time) values ('Air France', 73, '2021-07-04 06:48:27', 'Robenia', 'Duiged', '1980-05-23', 'rduigedp@barnesandnoble.com', 174.30, 'Robenia' 'Duiged', 'credit', 1655344097525746, '2025-01-30', '2021-09-18 13:04:56');
insert into ticket (airline_name, flight_number, departure_date_time, first_name, last_name, date_of_birth, email, calculated_price, card_name, card_type, card_number, expiration_date, purchased_date_time) values ('United', 169, '2024-01-03 16:49:49', 'Tan', 'Gamil', '1973-08-19', 'tgamill@skyrock.com', 76.24, 'Tan' 'Gamil', 'credit', 3379631493432027, '2025-08-05', '2022-10-08 17:36:15');
insert into ticket (airline_name, flight_number, departure_date_time, first_name, last_name, date_of_birth, email, calculated_price, card_name, card_type, card_number, expiration_date, purchased_date_time) values ('Alaska Airlines', 85, '2024-01-26 00:52:47', 'Martyn', 'Poytheras', '1983-02-18', 'mpoytherasj@last.fm', 586.22, 'Martyn' 'Poytheras', 'credit', 2800776581982510, '2026-06-21', '2021-12-29 18:45:42');
insert into ticket (airline_name, flight_number, departure_date_time, first_name, last_name, date_of_birth, email, calculated_price, card_name, card_type, card_number, expiration_date, purchased_date_time) values ('American Airlines', 78, '2023-06-16 13:02:29', 'Marylou', 'Baudts', '2007-09-01', 'mbaudts8@tuttocitta.it', 153.90, 'Marylou' 'Baudts', 'debit', 4402441407236805, '2024-08-31', '2022-12-04 20:28:44');
insert into ticket (airline_name, flight_number, departure_date_time, first_name, last_name, date_of_birth, email, calculated_price, card_name, card_type, card_number, expiration_date, purchased_date_time) values ('United', 138, '2024-05-06 08:09:49', 'Buck', 'Warnes', '2005-07-23', 'bwarnesd@photobucket.com', 267.07, 'Buck' 'Warnes', 'debit', 1600435623243349, '2025-12-01', '2021-11-06 05:12:13');

	